<?xml version="1.0"?>
<doc>
    <assembly>
        <name>AWSSDK.WorkMailMessageFlow</name>
    </assembly>
    <members>
        <member name="T:Amazon.WorkMailMessageFlow.AmazonWorkMailMessageFlowConfig">
            <summary>
            Configuration for accessing Amazon WorkMailMessageFlow service
            </summary>
        </member>
        <member name="P:Amazon.WorkMailMessageFlow.AmazonWorkMailMessageFlowConfig.ServiceId">
            <summary>
             The ServiceId, which is the unique identifier for a service.
            </summary>
        </member>
        <member name="M:Amazon.WorkMailMessageFlow.AmazonWorkMailMessageFlowConfig.#ctor">
            <summary>
            Default constructor
            </summary>
        </member>
        <member name="P:Amazon.WorkMailMessageFlow.AmazonWorkMailMessageFlowConfig.RegionEndpointServiceName">
            <summary>
            The constant used to lookup in the region hash the endpoint.
            </summary>
        </member>
        <member name="P:Amazon.WorkMailMessageFlow.AmazonWorkMailMessageFlowConfig.ServiceVersion">
            <summary>
            Gets the ServiceVersion property.
            </summary>
        </member>
        <member name="P:Amazon.WorkMailMessageFlow.AmazonWorkMailMessageFlowConfig.UserAgent">
            <summary>
            Gets the value of UserAgent property.
            </summary>
        </member>
        <member name="T:Amazon.WorkMailMessageFlow.AmazonWorkMailMessageFlowDefaultConfiguration">
            <summary>
            Configuration for accessing Amazon WorkMailMessageFlow service
            </summary>
        </member>
        <member name="M:Amazon.WorkMailMessageFlow.AmazonWorkMailMessageFlowDefaultConfiguration.GetAllConfigurations">
            <summary>
            Collection of all <see cref="T:Amazon.Runtime.DefaultConfiguration"/>s supported by
            WorkMailMessageFlow
            </summary>
        </member>
        <member name="P:Amazon.WorkMailMessageFlow.AmazonWorkMailMessageFlowDefaultConfiguration.Standard">
            <summary>
            <p>The STANDARD mode provides the latest recommended default values that should be safe to run in most scenarios</p><p>Note that the default values vended from this mode might change as best practices may evolve. As a result, it is encouraged to perform tests when upgrading the SDK</p>
            </summary>
        </member>
        <member name="P:Amazon.WorkMailMessageFlow.AmazonWorkMailMessageFlowDefaultConfiguration.InRegion">
            <summary>
            <p>The IN_REGION mode builds on the standard mode and includes optimization tailored for applications which call AWS services from within the same AWS region</p><p>Note that the default values vended from this mode might change as best practices may evolve. As a result, it is encouraged to perform tests when upgrading the SDK</p>
            </summary>
        </member>
        <member name="P:Amazon.WorkMailMessageFlow.AmazonWorkMailMessageFlowDefaultConfiguration.CrossRegion">
            <summary>
            <p>The CROSS_REGION mode builds on the standard mode and includes optimization tailored for applications which call AWS services in a different region</p><p>Note that the default values vended from this mode might change as best practices may evolve. As a result, it is encouraged to perform tests when upgrading the SDK</p>
            </summary>
        </member>
        <member name="P:Amazon.WorkMailMessageFlow.AmazonWorkMailMessageFlowDefaultConfiguration.Mobile">
            <summary>
            <p>The MOBILE mode builds on the standard mode and includes optimization tailored for mobile applications</p><p>Note that the default values vended from this mode might change as best practices may evolve. As a result, it is encouraged to perform tests when upgrading the SDK</p>
            </summary>
        </member>
        <member name="P:Amazon.WorkMailMessageFlow.AmazonWorkMailMessageFlowDefaultConfiguration.Auto">
            <summary>
            <p>The AUTO mode is an experimental mode that builds on the standard mode. The SDK will attempt to discover the execution environment to determine the appropriate settings automatically.</p><p>Note that the auto detection is heuristics-based and does not guarantee 100% accuracy. STANDARD mode will be used if the execution environment cannot be determined. The auto detection might query <a href="https://docs.aws.amazon.com/AWSEC2/latest/UserGuide/ec2-instance-metadata.html">EC2 Instance Metadata service</a>, which might introduce latency. Therefore we recommend choosing an explicit defaults_mode instead if startup latency is critical to your application</p>
            </summary>
        </member>
        <member name="P:Amazon.WorkMailMessageFlow.AmazonWorkMailMessageFlowDefaultConfiguration.Legacy">
            <summary>
            <p>The LEGACY mode provides default settings that vary per SDK and were used prior to establishment of defaults_mode</p>
            </summary>
        </member>
        <member name="T:Amazon.WorkMailMessageFlow.Endpoints.WorkMailMessageFlowEndpointParameters">
            <summary>
            Contains parameters used for resolving WorkMailMessageFlow endpoints
            Parameters can be sourced from client config and service operations
            Used by internal WorkMailMessageFlowEndpointProvider and WorkMailMessageFlowEndpointResolver
            Can be used by custom EndpointProvider, see ClientConfig.EndpointProvider
            </summary>
        </member>
        <member name="M:Amazon.WorkMailMessageFlow.Endpoints.WorkMailMessageFlowEndpointParameters.#ctor">
            <summary>
            WorkMailMessageFlowEndpointParameters constructor
            </summary>
        </member>
        <member name="P:Amazon.WorkMailMessageFlow.Endpoints.WorkMailMessageFlowEndpointParameters.Region">
            <summary>
            Region parameter
            </summary>
        </member>
        <member name="P:Amazon.WorkMailMessageFlow.Endpoints.WorkMailMessageFlowEndpointParameters.UseDualStack">
            <summary>
            UseDualStack parameter
            </summary>
        </member>
        <member name="P:Amazon.WorkMailMessageFlow.Endpoints.WorkMailMessageFlowEndpointParameters.UseFIPS">
            <summary>
            UseFIPS parameter
            </summary>
        </member>
        <member name="P:Amazon.WorkMailMessageFlow.Endpoints.WorkMailMessageFlowEndpointParameters.Endpoint">
            <summary>
            Endpoint parameter
            </summary>
        </member>
        <member name="T:Amazon.WorkMailMessageFlow.AmazonWorkMailMessageFlowException">
            <summary>
             Common exception for the WorkMailMessageFlow service.
             </summary>
        </member>
        <member name="M:Amazon.WorkMailMessageFlow.AmazonWorkMailMessageFlowException.#ctor(System.String)">
            <summary>
            Construct instance of AmazonWorkMailMessageFlowException
            </summary>
            <param name="message"></param>
        </member>
        <member name="M:Amazon.WorkMailMessageFlow.AmazonWorkMailMessageFlowException.#ctor(System.String,System.Exception)">
            <summary>
            Construct instance of AmazonWorkMailMessageFlowException
            </summary>
            <param name="message"></param>
            <param name="innerException"></param>
        </member>
        <member name="M:Amazon.WorkMailMessageFlow.AmazonWorkMailMessageFlowException.#ctor(System.Exception)">
            <summary>
            Construct instance of AmazonWorkMailMessageFlowException
            </summary>
            <param name="innerException"></param>
        </member>
        <member name="M:Amazon.WorkMailMessageFlow.AmazonWorkMailMessageFlowException.#ctor(System.String,Amazon.Runtime.ErrorType,System.String,System.String,System.Net.HttpStatusCode)">
            <summary>
            Construct instance of AmazonWorkMailMessageFlowException
            </summary>
            <param name="message"></param>
            <param name="errorType"></param>
            <param name="errorCode"></param>
            <param name="requestId"></param>
            <param name="statusCode"></param>
        </member>
        <member name="M:Amazon.WorkMailMessageFlow.AmazonWorkMailMessageFlowException.#ctor(System.String,System.Exception,Amazon.Runtime.ErrorType,System.String,System.String,System.Net.HttpStatusCode)">
            <summary>
            Construct instance of AmazonWorkMailMessageFlowException
            </summary>
            <param name="message"></param>
            <param name="innerException"></param>
            <param name="errorType"></param>
            <param name="errorCode"></param>
            <param name="requestId"></param>
            <param name="statusCode"></param>
        </member>
        <member name="T:Amazon.WorkMailMessageFlow.Internal.AmazonWorkMailMessageFlowEndpointProvider">
            <summary>
            Amazon WorkMailMessageFlow endpoint provider.
            Resolves endpoint for given set of WorkMailMessageFlowEndpointParameters.
            Can throw AmazonClientException if endpoint resolution is unsuccessful.
            </summary>
        </member>
        <member name="M:Amazon.WorkMailMessageFlow.Internal.AmazonWorkMailMessageFlowEndpointProvider.ResolveEndpoint(Amazon.Runtime.Endpoints.EndpointParameters)">
            <summary>
            Resolve endpoint for WorkMailMessageFlowEndpointParameters
            </summary>
        </member>
        <member name="T:Amazon.WorkMailMessageFlow.Internal.AmazonWorkMailMessageFlowEndpointResolver">
            <summary>
            Amazon WorkMailMessageFlow endpoint resolver.
            Custom PipelineHandler responsible for resolving endpoint and setting authentication parameters for WorkMailMessageFlow service requests.
            Collects values for WorkMailMessageFlowEndpointParameters and then tries to resolve endpoint by calling 
            ResolveEndpoint method on GlobalEndpoints.Provider if present, otherwise uses WorkMailMessageFlowEndpointProvider.
            Responsible for setting authentication and http headers provided by resolved endpoint.
            </summary>
        </member>
        <member name="T:Amazon.WorkMailMessageFlow.Internal.AmazonWorkMailMessageFlowMetadata">
            <summary>
            Service metadata for  Amazon WorkMailMessageFlow service
            </summary>
        </member>
        <member name="P:Amazon.WorkMailMessageFlow.Internal.AmazonWorkMailMessageFlowMetadata.ServiceId">
            <summary>
            Gets the value of the Service Id.
            </summary>
        </member>
        <member name="P:Amazon.WorkMailMessageFlow.Internal.AmazonWorkMailMessageFlowMetadata.OperationNameMapping">
            <summary>
            Gets the dictionary that gives mapping of renamed operations
            </summary>
        </member>
        <member name="T:Amazon.WorkMailMessageFlow.AmazonWorkMailMessageFlowRequest">
            <summary>
            Base class for WorkMailMessageFlow operation requests.
            </summary>
        </member>
        <member name="T:Amazon.WorkMailMessageFlow.Model.GetRawMessageContentRequest">
            <summary>
            Container for the parameters to the GetRawMessageContent operation.
            Retrieves the raw content of an in-transit email message, in MIME format.
            </summary>
        </member>
        <member name="P:Amazon.WorkMailMessageFlow.Model.GetRawMessageContentRequest.MessageId">
            <summary>
            Gets and sets the property MessageId. 
            <para>
            The identifier of the email message to retrieve.
            </para>
            </summary>
        </member>
        <member name="T:Amazon.WorkMailMessageFlow.Model.GetRawMessageContentResponse">
            <summary>
            This is the response object from the GetRawMessageContent operation.
            </summary>
        </member>
        <member name="P:Amazon.WorkMailMessageFlow.Model.GetRawMessageContentResponse.MessageContent">
            <summary>
            Gets and sets the property MessageContent. 
            <para>
            The raw content of the email message, in MIME format.
            </para>
            </summary>
        </member>
        <member name="M:Amazon.WorkMailMessageFlow.Model.GetRawMessageContentResponse.Dispose">
            <summary>
            Disposes of all managed and unmanaged resources.
            </summary>
        </member>
        <member name="T:Amazon.WorkMailMessageFlow.Model.Internal.MarshallTransformations.GetRawMessageContentRequestMarshaller">
            <summary>
            GetRawMessageContent Request Marshaller
            </summary>       
        </member>
        <member name="M:Amazon.WorkMailMessageFlow.Model.Internal.MarshallTransformations.GetRawMessageContentRequestMarshaller.Marshall(Amazon.Runtime.AmazonWebServiceRequest)">
            <summary>
            Marshaller the request object to the HTTP request.
            </summary>  
            <param name="input"></param>
            <returns></returns>
        </member>
        <member name="M:Amazon.WorkMailMessageFlow.Model.Internal.MarshallTransformations.GetRawMessageContentRequestMarshaller.Marshall(Amazon.WorkMailMessageFlow.Model.GetRawMessageContentRequest)">
            <summary>
            Marshaller the request object to the HTTP request.
            </summary>  
            <param name="publicRequest"></param>
            <returns></returns>
        </member>
        <member name="P:Amazon.WorkMailMessageFlow.Model.Internal.MarshallTransformations.GetRawMessageContentRequestMarshaller.Instance">
            <summary>
            Gets the singleton.
            </summary>  
        </member>
        <member name="T:Amazon.WorkMailMessageFlow.Model.Internal.MarshallTransformations.GetRawMessageContentResponseUnmarshaller">
            <summary>
            Response Unmarshaller for GetRawMessageContent operation
            </summary>  
        </member>
        <member name="M:Amazon.WorkMailMessageFlow.Model.Internal.MarshallTransformations.GetRawMessageContentResponseUnmarshaller.Unmarshall(Amazon.Runtime.Internal.Transform.JsonUnmarshallerContext)">
            <summary>
            Unmarshaller the response from the service to the response class.
            </summary>  
            <param name="context"></param>
            <returns></returns>
        </member>
        <member name="M:Amazon.WorkMailMessageFlow.Model.Internal.MarshallTransformations.GetRawMessageContentResponseUnmarshaller.UnmarshallException(Amazon.Runtime.Internal.Transform.JsonUnmarshallerContext,System.Exception,System.Net.HttpStatusCode)">
            <summary>
            Unmarshaller error response to exception.
            </summary>  
            <param name="context"></param>
            <param name="innerException"></param>
            <param name="statusCode"></param>
            <returns></returns>
        </member>
        <member name="P:Amazon.WorkMailMessageFlow.Model.Internal.MarshallTransformations.GetRawMessageContentResponseUnmarshaller.HasStreamingProperty">
            <summary>
            Overriden to return true indicating the response contains streaming data.
            </summary>
        </member>
        <member name="P:Amazon.WorkMailMessageFlow.Model.Internal.MarshallTransformations.GetRawMessageContentResponseUnmarshaller.Instance">
            <summary>
            Gets the singleton.
            </summary>  
        </member>
        <member name="T:Amazon.WorkMailMessageFlow.Model.Internal.MarshallTransformations.InvalidContentLocationExceptionUnmarshaller">
            <summary>
            Response Unmarshaller for InvalidContentLocationException Object
            </summary>  
        </member>
        <member name="M:Amazon.WorkMailMessageFlow.Model.Internal.MarshallTransformations.InvalidContentLocationExceptionUnmarshaller.Unmarshall(Amazon.Runtime.Internal.Transform.JsonUnmarshallerContext)">
            <summary>
            Unmarshaller the response from the service to the response class.
            </summary>  
            <param name="context"></param>
            <returns></returns>
        </member>
        <member name="M:Amazon.WorkMailMessageFlow.Model.Internal.MarshallTransformations.InvalidContentLocationExceptionUnmarshaller.Unmarshall(Amazon.Runtime.Internal.Transform.JsonUnmarshallerContext,Amazon.Runtime.Internal.ErrorResponse)">
            <summary>
            Unmarshaller the response from the service to the response class.
            </summary>  
            <param name="context"></param>
            <param name="errorResponse"></param>
            <returns></returns>
        </member>
        <member name="P:Amazon.WorkMailMessageFlow.Model.Internal.MarshallTransformations.InvalidContentLocationExceptionUnmarshaller.Instance">
            <summary>
            Gets the singleton.
            </summary>  
        </member>
        <member name="T:Amazon.WorkMailMessageFlow.Model.Internal.MarshallTransformations.MessageFrozenExceptionUnmarshaller">
            <summary>
            Response Unmarshaller for MessageFrozenException Object
            </summary>  
        </member>
        <member name="M:Amazon.WorkMailMessageFlow.Model.Internal.MarshallTransformations.MessageFrozenExceptionUnmarshaller.Unmarshall(Amazon.Runtime.Internal.Transform.JsonUnmarshallerContext)">
            <summary>
            Unmarshaller the response from the service to the response class.
            </summary>  
            <param name="context"></param>
            <returns></returns>
        </member>
        <member name="M:Amazon.WorkMailMessageFlow.Model.Internal.MarshallTransformations.MessageFrozenExceptionUnmarshaller.Unmarshall(Amazon.Runtime.Internal.Transform.JsonUnmarshallerContext,Amazon.Runtime.Internal.ErrorResponse)">
            <summary>
            Unmarshaller the response from the service to the response class.
            </summary>  
            <param name="context"></param>
            <param name="errorResponse"></param>
            <returns></returns>
        </member>
        <member name="P:Amazon.WorkMailMessageFlow.Model.Internal.MarshallTransformations.MessageFrozenExceptionUnmarshaller.Instance">
            <summary>
            Gets the singleton.
            </summary>  
        </member>
        <member name="T:Amazon.WorkMailMessageFlow.Model.Internal.MarshallTransformations.MessageRejectedExceptionUnmarshaller">
            <summary>
            Response Unmarshaller for MessageRejectedException Object
            </summary>  
        </member>
        <member name="M:Amazon.WorkMailMessageFlow.Model.Internal.MarshallTransformations.MessageRejectedExceptionUnmarshaller.Unmarshall(Amazon.Runtime.Internal.Transform.JsonUnmarshallerContext)">
            <summary>
            Unmarshaller the response from the service to the response class.
            </summary>  
            <param name="context"></param>
            <returns></returns>
        </member>
        <member name="M:Amazon.WorkMailMessageFlow.Model.Internal.MarshallTransformations.MessageRejectedExceptionUnmarshaller.Unmarshall(Amazon.Runtime.Internal.Transform.JsonUnmarshallerContext,Amazon.Runtime.Internal.ErrorResponse)">
            <summary>
            Unmarshaller the response from the service to the response class.
            </summary>  
            <param name="context"></param>
            <param name="errorResponse"></param>
            <returns></returns>
        </member>
        <member name="P:Amazon.WorkMailMessageFlow.Model.Internal.MarshallTransformations.MessageRejectedExceptionUnmarshaller.Instance">
            <summary>
            Gets the singleton.
            </summary>  
        </member>
        <member name="T:Amazon.WorkMailMessageFlow.Model.Internal.MarshallTransformations.PutRawMessageContentRequestMarshaller">
            <summary>
            PutRawMessageContent Request Marshaller
            </summary>       
        </member>
        <member name="M:Amazon.WorkMailMessageFlow.Model.Internal.MarshallTransformations.PutRawMessageContentRequestMarshaller.Marshall(Amazon.Runtime.AmazonWebServiceRequest)">
            <summary>
            Marshaller the request object to the HTTP request.
            </summary>  
            <param name="input"></param>
            <returns></returns>
        </member>
        <member name="M:Amazon.WorkMailMessageFlow.Model.Internal.MarshallTransformations.PutRawMessageContentRequestMarshaller.Marshall(Amazon.WorkMailMessageFlow.Model.PutRawMessageContentRequest)">
            <summary>
            Marshaller the request object to the HTTP request.
            </summary>  
            <param name="publicRequest"></param>
            <returns></returns>
        </member>
        <member name="P:Amazon.WorkMailMessageFlow.Model.Internal.MarshallTransformations.PutRawMessageContentRequestMarshaller.Instance">
            <summary>
            Gets the singleton.
            </summary>  
        </member>
        <member name="T:Amazon.WorkMailMessageFlow.Model.Internal.MarshallTransformations.PutRawMessageContentResponseUnmarshaller">
            <summary>
            Response Unmarshaller for PutRawMessageContent operation
            </summary>  
        </member>
        <member name="M:Amazon.WorkMailMessageFlow.Model.Internal.MarshallTransformations.PutRawMessageContentResponseUnmarshaller.Unmarshall(Amazon.Runtime.Internal.Transform.JsonUnmarshallerContext)">
            <summary>
            Unmarshaller the response from the service to the response class.
            </summary>  
            <param name="context"></param>
            <returns></returns>
        </member>
        <member name="M:Amazon.WorkMailMessageFlow.Model.Internal.MarshallTransformations.PutRawMessageContentResponseUnmarshaller.UnmarshallException(Amazon.Runtime.Internal.Transform.JsonUnmarshallerContext,System.Exception,System.Net.HttpStatusCode)">
            <summary>
            Unmarshaller error response to exception.
            </summary>  
            <param name="context"></param>
            <param name="innerException"></param>
            <param name="statusCode"></param>
            <returns></returns>
        </member>
        <member name="P:Amazon.WorkMailMessageFlow.Model.Internal.MarshallTransformations.PutRawMessageContentResponseUnmarshaller.Instance">
            <summary>
            Gets the singleton.
            </summary>  
        </member>
        <member name="T:Amazon.WorkMailMessageFlow.Model.Internal.MarshallTransformations.RawMessageContentMarshaller">
            <summary>
            RawMessageContent Marshaller
            </summary>
        </member>
        <member name="M:Amazon.WorkMailMessageFlow.Model.Internal.MarshallTransformations.RawMessageContentMarshaller.Marshall(Amazon.WorkMailMessageFlow.Model.RawMessageContent,Amazon.Runtime.Internal.Transform.JsonMarshallerContext)">
            <summary>
            Unmarshaller the response from the service to the response class.
            </summary>  
            <param name="requestObject"></param>
            <param name="context"></param>
            <returns></returns>
        </member>
        <member name="F:Amazon.WorkMailMessageFlow.Model.Internal.MarshallTransformations.RawMessageContentMarshaller.Instance">
            <summary>
            Singleton Marshaller.
            </summary>
        </member>
        <member name="T:Amazon.WorkMailMessageFlow.Model.Internal.MarshallTransformations.ResourceNotFoundExceptionUnmarshaller">
            <summary>
            Response Unmarshaller for ResourceNotFoundException Object
            </summary>  
        </member>
        <member name="M:Amazon.WorkMailMessageFlow.Model.Internal.MarshallTransformations.ResourceNotFoundExceptionUnmarshaller.Unmarshall(Amazon.Runtime.Internal.Transform.JsonUnmarshallerContext)">
            <summary>
            Unmarshaller the response from the service to the response class.
            </summary>  
            <param name="context"></param>
            <returns></returns>
        </member>
        <member name="M:Amazon.WorkMailMessageFlow.Model.Internal.MarshallTransformations.ResourceNotFoundExceptionUnmarshaller.Unmarshall(Amazon.Runtime.Internal.Transform.JsonUnmarshallerContext,Amazon.Runtime.Internal.ErrorResponse)">
            <summary>
            Unmarshaller the response from the service to the response class.
            </summary>  
            <param name="context"></param>
            <param name="errorResponse"></param>
            <returns></returns>
        </member>
        <member name="P:Amazon.WorkMailMessageFlow.Model.Internal.MarshallTransformations.ResourceNotFoundExceptionUnmarshaller.Instance">
            <summary>
            Gets the singleton.
            </summary>  
        </member>
        <member name="T:Amazon.WorkMailMessageFlow.Model.Internal.MarshallTransformations.S3ReferenceMarshaller">
            <summary>
            S3Reference Marshaller
            </summary>
        </member>
        <member name="M:Amazon.WorkMailMessageFlow.Model.Internal.MarshallTransformations.S3ReferenceMarshaller.Marshall(Amazon.WorkMailMessageFlow.Model.S3Reference,Amazon.Runtime.Internal.Transform.JsonMarshallerContext)">
            <summary>
            Unmarshaller the response from the service to the response class.
            </summary>  
            <param name="requestObject"></param>
            <param name="context"></param>
            <returns></returns>
        </member>
        <member name="F:Amazon.WorkMailMessageFlow.Model.Internal.MarshallTransformations.S3ReferenceMarshaller.Instance">
            <summary>
            Singleton Marshaller.
            </summary>
        </member>
        <member name="T:Amazon.WorkMailMessageFlow.Model.InvalidContentLocationException">
            <summary>
            WorkMail could not access the updated email content. Possible reasons:
            
             <ul> <li> 
            <para>
            You made the request in a region other than your S3 bucket region.
            </para>
             </li> <li> 
            <para>
            The <a href="https://docs.aws.amazon.com/AmazonS3/latest/dev/bucket-owner-condition.html">S3
            bucket owner</a> is not the same as the calling AWS account.
            </para>
             </li> <li> 
            <para>
            You have an incomplete or missing S3 bucket policy. For more information about policies,
            see <a href="https://docs.aws.amazon.com/workmail/latest/adminguide/update-with-lambda.html">
            Updating message content with AWS Lambda </a> in the <i>WorkMail Administrator Guide</i>.
            </para>
             </li> </ul>
            </summary>
        </member>
        <member name="M:Amazon.WorkMailMessageFlow.Model.InvalidContentLocationException.#ctor(System.String)">
            <summary>
            Constructs a new InvalidContentLocationException with the specified error
            message.
            </summary>
            <param name="message">
            Describes the error encountered.
            </param>
        </member>
        <member name="M:Amazon.WorkMailMessageFlow.Model.InvalidContentLocationException.#ctor(System.String,System.Exception)">
            <summary>
            Construct instance of InvalidContentLocationException
            </summary>
            <param name="message"></param>
            <param name="innerException"></param>
        </member>
        <member name="M:Amazon.WorkMailMessageFlow.Model.InvalidContentLocationException.#ctor(System.Exception)">
            <summary>
            Construct instance of InvalidContentLocationException
            </summary>
            <param name="innerException"></param>
        </member>
        <member name="M:Amazon.WorkMailMessageFlow.Model.InvalidContentLocationException.#ctor(System.String,System.Exception,Amazon.Runtime.ErrorType,System.String,System.String,System.Net.HttpStatusCode)">
            <summary>
            Construct instance of InvalidContentLocationException
            </summary>
            <param name="message"></param>
            <param name="innerException"></param>
            <param name="errorType"></param>
            <param name="errorCode"></param>
            <param name="requestId"></param>
            <param name="statusCode"></param>
        </member>
        <member name="M:Amazon.WorkMailMessageFlow.Model.InvalidContentLocationException.#ctor(System.String,Amazon.Runtime.ErrorType,System.String,System.String,System.Net.HttpStatusCode)">
            <summary>
            Construct instance of InvalidContentLocationException
            </summary>
            <param name="message"></param>
            <param name="errorType"></param>
            <param name="errorCode"></param>
            <param name="requestId"></param>
            <param name="statusCode"></param>
        </member>
        <member name="T:Amazon.WorkMailMessageFlow.Model.MessageFrozenException">
            <summary>
            The requested email is not eligible for update. This is usually the case for a redirected
            email.
            </summary>
        </member>
        <member name="M:Amazon.WorkMailMessageFlow.Model.MessageFrozenException.#ctor(System.String)">
            <summary>
            Constructs a new MessageFrozenException with the specified error
            message.
            </summary>
            <param name="message">
            Describes the error encountered.
            </param>
        </member>
        <member name="M:Amazon.WorkMailMessageFlow.Model.MessageFrozenException.#ctor(System.String,System.Exception)">
            <summary>
            Construct instance of MessageFrozenException
            </summary>
            <param name="message"></param>
            <param name="innerException"></param>
        </member>
        <member name="M:Amazon.WorkMailMessageFlow.Model.MessageFrozenException.#ctor(System.Exception)">
            <summary>
            Construct instance of MessageFrozenException
            </summary>
            <param name="innerException"></param>
        </member>
        <member name="M:Amazon.WorkMailMessageFlow.Model.MessageFrozenException.#ctor(System.String,System.Exception,Amazon.Runtime.ErrorType,System.String,System.String,System.Net.HttpStatusCode)">
            <summary>
            Construct instance of MessageFrozenException
            </summary>
            <param name="message"></param>
            <param name="innerException"></param>
            <param name="errorType"></param>
            <param name="errorCode"></param>
            <param name="requestId"></param>
            <param name="statusCode"></param>
        </member>
        <member name="M:Amazon.WorkMailMessageFlow.Model.MessageFrozenException.#ctor(System.String,Amazon.Runtime.ErrorType,System.String,System.String,System.Net.HttpStatusCode)">
            <summary>
            Construct instance of MessageFrozenException
            </summary>
            <param name="message"></param>
            <param name="errorType"></param>
            <param name="errorCode"></param>
            <param name="requestId"></param>
            <param name="statusCode"></param>
        </member>
        <member name="T:Amazon.WorkMailMessageFlow.Model.MessageRejectedException">
            <summary>
            The requested email could not be updated due to an error in the MIME content. Check
            the error message for more information about what caused the error.
            </summary>
        </member>
        <member name="M:Amazon.WorkMailMessageFlow.Model.MessageRejectedException.#ctor(System.String)">
            <summary>
            Constructs a new MessageRejectedException with the specified error
            message.
            </summary>
            <param name="message">
            Describes the error encountered.
            </param>
        </member>
        <member name="M:Amazon.WorkMailMessageFlow.Model.MessageRejectedException.#ctor(System.String,System.Exception)">
            <summary>
            Construct instance of MessageRejectedException
            </summary>
            <param name="message"></param>
            <param name="innerException"></param>
        </member>
        <member name="M:Amazon.WorkMailMessageFlow.Model.MessageRejectedException.#ctor(System.Exception)">
            <summary>
            Construct instance of MessageRejectedException
            </summary>
            <param name="innerException"></param>
        </member>
        <member name="M:Amazon.WorkMailMessageFlow.Model.MessageRejectedException.#ctor(System.String,System.Exception,Amazon.Runtime.ErrorType,System.String,System.String,System.Net.HttpStatusCode)">
            <summary>
            Construct instance of MessageRejectedException
            </summary>
            <param name="message"></param>
            <param name="innerException"></param>
            <param name="errorType"></param>
            <param name="errorCode"></param>
            <param name="requestId"></param>
            <param name="statusCode"></param>
        </member>
        <member name="M:Amazon.WorkMailMessageFlow.Model.MessageRejectedException.#ctor(System.String,Amazon.Runtime.ErrorType,System.String,System.String,System.Net.HttpStatusCode)">
            <summary>
            Construct instance of MessageRejectedException
            </summary>
            <param name="message"></param>
            <param name="errorType"></param>
            <param name="errorCode"></param>
            <param name="requestId"></param>
            <param name="statusCode"></param>
        </member>
        <member name="T:Amazon.WorkMailMessageFlow.Model.PutRawMessageContentRequest">
            <summary>
            Container for the parameters to the PutRawMessageContent operation.
            Updates the raw content of an in-transit email message, in MIME format.
            
             
            <para>
            This example describes how to update in-transit email message. For more information
            and examples for using this API, see <a href="https://docs.aws.amazon.com/workmail/latest/adminguide/update-with-lambda.html">
            Updating message content with AWS Lambda</a>.
            </para>
             <note> 
            <para>
            Updates to an in-transit message only appear when you call <code>PutRawMessageContent</code>
            from an AWS Lambda function configured with a synchronous <a href="https://docs.aws.amazon.com/workmail/latest/adminguide/lambda.html#synchronous-rules">
            Run Lambda</a> rule. If you call <code>PutRawMessageContent</code> on a delivered
            or sent message, the message remains unchanged, even though <a href="https://docs.aws.amazon.com/workmail/latest/APIReference/API_messageflow_GetRawMessageContent.html">GetRawMessageContent</a>
            returns an updated message. 
            </para>
             </note>
            </summary>
        </member>
        <member name="P:Amazon.WorkMailMessageFlow.Model.PutRawMessageContentRequest.Content">
            <summary>
            Gets and sets the property Content. 
            <para>
            Describes the raw message content of the updated email message.
            </para>
            </summary>
        </member>
        <member name="P:Amazon.WorkMailMessageFlow.Model.PutRawMessageContentRequest.MessageId">
            <summary>
            Gets and sets the property MessageId. 
            <para>
            The identifier of the email message being updated.
            </para>
            </summary>
        </member>
        <member name="T:Amazon.WorkMailMessageFlow.Model.PutRawMessageContentResponse">
            <summary>
            This is the response object from the PutRawMessageContent operation.
            </summary>
        </member>
        <member name="T:Amazon.WorkMailMessageFlow.Model.RawMessageContent">
            <summary>
            Provides the MIME content of the updated email message as an S3 object. All MIME content
            must meet the following criteria:
            
             <ul> <li> 
            <para>
            Each part of a multipart MIME message must be formatted properly.
            </para>
             </li> <li> 
            <para>
            Attachments must be of a content type that Amazon SES supports. For more information,
            see <a href="https://docs.aws.amazon.com/ses/latest/DeveloperGuide/mime-types-appendix.html">Unsupported
            Attachment Types</a>.
            </para>
             </li> <li> 
            <para>
            If any of the MIME parts in a message contain content that is outside of the 7-bit
            ASCII character range, we recommend encoding that content.
            </para>
             </li> <li> 
            <para>
            Per <a href="https://tools.ietf.org/html/rfc5321#section-4.5.3.1.6">RFC 5321</a>,
            the maximum length of each line of text, including the &lt;CRLF&gt;, must not exceed
            1,000 characters.
            </para>
             </li> <li> 
            <para>
            The message must contain all the required header fields. Check the returned error
            message for more information.
            </para>
             </li> <li> 
            <para>
            The value of immutable headers must remain unchanged. Check the returned error message
            for more information.
            </para>
             </li> <li> 
            <para>
            Certain unique headers can only appear once. Check the returned error message for
            more information.
            </para>
             </li> </ul>
            </summary>
        </member>
        <member name="P:Amazon.WorkMailMessageFlow.Model.RawMessageContent.S3Reference">
            <summary>
            Gets and sets the property S3Reference. 
            <para>
            The S3 reference of an email message.
            </para>
            </summary>
        </member>
        <member name="T:Amazon.WorkMailMessageFlow.Model.ResourceNotFoundException">
            <summary>
            The requested email message is not found.
            </summary>
        </member>
        <member name="M:Amazon.WorkMailMessageFlow.Model.ResourceNotFoundException.#ctor(System.String)">
            <summary>
            Constructs a new ResourceNotFoundException with the specified error
            message.
            </summary>
            <param name="message">
            Describes the error encountered.
            </param>
        </member>
        <member name="M:Amazon.WorkMailMessageFlow.Model.ResourceNotFoundException.#ctor(System.String,System.Exception)">
            <summary>
            Construct instance of ResourceNotFoundException
            </summary>
            <param name="message"></param>
            <param name="innerException"></param>
        </member>
        <member name="M:Amazon.WorkMailMessageFlow.Model.ResourceNotFoundException.#ctor(System.Exception)">
            <summary>
            Construct instance of ResourceNotFoundException
            </summary>
            <param name="innerException"></param>
        </member>
        <member name="M:Amazon.WorkMailMessageFlow.Model.ResourceNotFoundException.#ctor(System.String,System.Exception,Amazon.Runtime.ErrorType,System.String,System.String,System.Net.HttpStatusCode)">
            <summary>
            Construct instance of ResourceNotFoundException
            </summary>
            <param name="message"></param>
            <param name="innerException"></param>
            <param name="errorType"></param>
            <param name="errorCode"></param>
            <param name="requestId"></param>
            <param name="statusCode"></param>
        </member>
        <member name="M:Amazon.WorkMailMessageFlow.Model.ResourceNotFoundException.#ctor(System.String,Amazon.Runtime.ErrorType,System.String,System.String,System.Net.HttpStatusCode)">
            <summary>
            Construct instance of ResourceNotFoundException
            </summary>
            <param name="message"></param>
            <param name="errorType"></param>
            <param name="errorCode"></param>
            <param name="requestId"></param>
            <param name="statusCode"></param>
        </member>
        <member name="T:Amazon.WorkMailMessageFlow.Model.S3Reference">
            <summary>
            Amazon S3 object representing the updated message content, in MIME format.
            
             <note> 
            <para>
            The region for the S3 bucket containing the S3 object must match the region used for
            WorkMail operations. Also, for WorkMail to process an S3 object, it must have permission
            to access that object. For more information, see <a href="https://docs.aws.amazon.com/workmail/latest/adminguide/update-with-lambda.html">
            Updating message content with AWS Lambda</a>.
            </para>
             </note>
            </summary>
        </member>
        <member name="P:Amazon.WorkMailMessageFlow.Model.S3Reference.Bucket">
            <summary>
            Gets and sets the property Bucket. 
            <para>
            The S3 bucket name.
            </para>
            </summary>
        </member>
        <member name="P:Amazon.WorkMailMessageFlow.Model.S3Reference.Key">
            <summary>
            Gets and sets the property Key. 
            <para>
            The S3 key object name.
            </para>
            </summary>
        </member>
        <member name="P:Amazon.WorkMailMessageFlow.Model.S3Reference.ObjectVersion">
            <summary>
            Gets and sets the property ObjectVersion. 
            <para>
            If you enable versioning for the bucket, you can specify the object version.
            </para>
            </summary>
        </member>
        <member name="T:Amazon.WorkMailMessageFlow.AmazonWorkMailMessageFlowClient">
             <summary>
             Implementation for accessing WorkMailMessageFlow
            
             The WorkMail Message Flow API provides access to email messages as they are being
             sent and received by a WorkMail organization.
             </summary>
        </member>
        <member name="M:Amazon.WorkMailMessageFlow.AmazonWorkMailMessageFlowClient.#ctor">
             <summary>
             Constructs AmazonWorkMailMessageFlowClient with the credentials loaded from the application's
             default configuration, and if unsuccessful from the Instance Profile service on an EC2 instance.
             
             Example App.config with credentials set. 
             <code>
             &lt;?xml version="1.0" encoding="utf-8" ?&gt;
             &lt;configuration&gt;
                 &lt;appSettings&gt;
                     &lt;add key="AWSProfileName" value="AWS Default"/&gt;
                 &lt;/appSettings&gt;
             &lt;/configuration&gt;
             </code>
            
             </summary>
        </member>
        <member name="M:Amazon.WorkMailMessageFlow.AmazonWorkMailMessageFlowClient.#ctor(Amazon.RegionEndpoint)">
             <summary>
             Constructs AmazonWorkMailMessageFlowClient with the credentials loaded from the application's
             default configuration, and if unsuccessful from the Instance Profile service on an EC2 instance.
             
             Example App.config with credentials set. 
             <code>
             &lt;?xml version="1.0" encoding="utf-8" ?&gt;
             &lt;configuration&gt;
                 &lt;appSettings&gt;
                     &lt;add key="AWSProfileName" value="AWS Default"/&gt;
                 &lt;/appSettings&gt;
             &lt;/configuration&gt;
             </code>
            
             </summary>
             <param name="region">The region to connect.</param>
        </member>
        <member name="M:Amazon.WorkMailMessageFlow.AmazonWorkMailMessageFlowClient.#ctor(Amazon.WorkMailMessageFlow.AmazonWorkMailMessageFlowConfig)">
             <summary>
             Constructs AmazonWorkMailMessageFlowClient with the credentials loaded from the application's
             default configuration, and if unsuccessful from the Instance Profile service on an EC2 instance.
             
             Example App.config with credentials set. 
             <code>
             &lt;?xml version="1.0" encoding="utf-8" ?&gt;
             &lt;configuration&gt;
                 &lt;appSettings&gt;
                     &lt;add key="AWSProfileName" value="AWS Default"/&gt;
                 &lt;/appSettings&gt;
             &lt;/configuration&gt;
             </code>
            
             </summary>
             <param name="config">The AmazonWorkMailMessageFlowClient Configuration Object</param>
        </member>
        <member name="M:Amazon.WorkMailMessageFlow.AmazonWorkMailMessageFlowClient.#ctor(Amazon.Runtime.AWSCredentials)">
            <summary>
            Constructs AmazonWorkMailMessageFlowClient with AWS Credentials
            </summary>
            <param name="credentials">AWS Credentials</param>
        </member>
        <member name="M:Amazon.WorkMailMessageFlow.AmazonWorkMailMessageFlowClient.#ctor(Amazon.Runtime.AWSCredentials,Amazon.RegionEndpoint)">
            <summary>
            Constructs AmazonWorkMailMessageFlowClient with AWS Credentials
            </summary>
            <param name="credentials">AWS Credentials</param>
            <param name="region">The region to connect.</param>
        </member>
        <member name="M:Amazon.WorkMailMessageFlow.AmazonWorkMailMessageFlowClient.#ctor(Amazon.Runtime.AWSCredentials,Amazon.WorkMailMessageFlow.AmazonWorkMailMessageFlowConfig)">
            <summary>
            Constructs AmazonWorkMailMessageFlowClient with AWS Credentials and an
            AmazonWorkMailMessageFlowClient Configuration object.
            </summary>
            <param name="credentials">AWS Credentials</param>
            <param name="clientConfig">The AmazonWorkMailMessageFlowClient Configuration Object</param>
        </member>
        <member name="M:Amazon.WorkMailMessageFlow.AmazonWorkMailMessageFlowClient.#ctor(System.String,System.String)">
            <summary>
            Constructs AmazonWorkMailMessageFlowClient with AWS Access Key ID and AWS Secret Key
            </summary>
            <param name="awsAccessKeyId">AWS Access Key ID</param>
            <param name="awsSecretAccessKey">AWS Secret Access Key</param>
        </member>
        <member name="M:Amazon.WorkMailMessageFlow.AmazonWorkMailMessageFlowClient.#ctor(System.String,System.String,Amazon.RegionEndpoint)">
            <summary>
            Constructs AmazonWorkMailMessageFlowClient with AWS Access Key ID and AWS Secret Key
            </summary>
            <param name="awsAccessKeyId">AWS Access Key ID</param>
            <param name="awsSecretAccessKey">AWS Secret Access Key</param>
            <param name="region">The region to connect.</param>
        </member>
        <member name="M:Amazon.WorkMailMessageFlow.AmazonWorkMailMessageFlowClient.#ctor(System.String,System.String,Amazon.WorkMailMessageFlow.AmazonWorkMailMessageFlowConfig)">
            <summary>
            Constructs AmazonWorkMailMessageFlowClient with AWS Access Key ID, AWS Secret Key and an
            AmazonWorkMailMessageFlowClient Configuration object. 
            </summary>
            <param name="awsAccessKeyId">AWS Access Key ID</param>
            <param name="awsSecretAccessKey">AWS Secret Access Key</param>
            <param name="clientConfig">The AmazonWorkMailMessageFlowClient Configuration Object</param>
        </member>
        <member name="M:Amazon.WorkMailMessageFlow.AmazonWorkMailMessageFlowClient.#ctor(System.String,System.String,System.String)">
            <summary>
            Constructs AmazonWorkMailMessageFlowClient with AWS Access Key ID and AWS Secret Key
            </summary>
            <param name="awsAccessKeyId">AWS Access Key ID</param>
            <param name="awsSecretAccessKey">AWS Secret Access Key</param>
            <param name="awsSessionToken">AWS Session Token</param>
        </member>
        <member name="M:Amazon.WorkMailMessageFlow.AmazonWorkMailMessageFlowClient.#ctor(System.String,System.String,System.String,Amazon.RegionEndpoint)">
            <summary>
            Constructs AmazonWorkMailMessageFlowClient with AWS Access Key ID and AWS Secret Key
            </summary>
            <param name="awsAccessKeyId">AWS Access Key ID</param>
            <param name="awsSecretAccessKey">AWS Secret Access Key</param>
            <param name="awsSessionToken">AWS Session Token</param>
            <param name="region">The region to connect.</param>
        </member>
        <member name="M:Amazon.WorkMailMessageFlow.AmazonWorkMailMessageFlowClient.#ctor(System.String,System.String,System.String,Amazon.WorkMailMessageFlow.AmazonWorkMailMessageFlowConfig)">
            <summary>
            Constructs AmazonWorkMailMessageFlowClient with AWS Access Key ID, AWS Secret Key and an
            AmazonWorkMailMessageFlowClient Configuration object. 
            </summary>
            <param name="awsAccessKeyId">AWS Access Key ID</param>
            <param name="awsSecretAccessKey">AWS Secret Access Key</param>
            <param name="awsSessionToken">AWS Session Token</param>
            <param name="clientConfig">The AmazonWorkMailMessageFlowClient Configuration Object</param>
        </member>
        <member name="M:Amazon.WorkMailMessageFlow.AmazonWorkMailMessageFlowClient.CreateSigner">
            <summary>
            Creates the signer for the service.
            </summary>
        </member>
        <member name="M:Amazon.WorkMailMessageFlow.AmazonWorkMailMessageFlowClient.CustomizeRuntimePipeline(Amazon.Runtime.Internal.RuntimePipeline)">
            <summary>
            Customizes the runtime pipeline.
            </summary>
            <param name="pipeline">Runtime pipeline for the current client.</param>
        </member>
        <member name="P:Amazon.WorkMailMessageFlow.AmazonWorkMailMessageFlowClient.ServiceMetadata">
            <summary>
            Capture metadata for the service.
            </summary>
        </member>
        <member name="M:Amazon.WorkMailMessageFlow.AmazonWorkMailMessageFlowClient.Dispose(System.Boolean)">
            <summary>
            Disposes the service client.
            </summary>
        </member>
        <member name="M:Amazon.WorkMailMessageFlow.AmazonWorkMailMessageFlowClient.GetRawMessageContentAsync(Amazon.WorkMailMessageFlow.Model.GetRawMessageContentRequest,System.Threading.CancellationToken)">
            <summary>
            Retrieves the raw content of an in-transit email message, in MIME format.
            </summary>
            <param name="request">Container for the necessary parameters to execute the GetRawMessageContent service method.</param>
            <param name="cancellationToken">
                A cancellation token that can be used by other objects or threads to receive notice of cancellation.
            </param>
            
            <returns>The response from the GetRawMessageContent service method, as returned by WorkMailMessageFlow.</returns>
            <exception cref="T:Amazon.WorkMailMessageFlow.Model.ResourceNotFoundException">
            The requested email message is not found.
            </exception>
            <seealso href="http://docs.aws.amazon.com/goto/WebAPI/workmailmessageflow-2019-05-01/GetRawMessageContent">REST API Reference for GetRawMessageContent Operation</seealso>
        </member>
        <member name="M:Amazon.WorkMailMessageFlow.AmazonWorkMailMessageFlowClient.PutRawMessageContentAsync(Amazon.WorkMailMessageFlow.Model.PutRawMessageContentRequest,System.Threading.CancellationToken)">
            <summary>
            Updates the raw content of an in-transit email message, in MIME format.
            
             
            <para>
            This example describes how to update in-transit email message. For more information
            and examples for using this API, see <a href="https://docs.aws.amazon.com/workmail/latest/adminguide/update-with-lambda.html">
            Updating message content with AWS Lambda</a>.
            </para>
             <note> 
            <para>
            Updates to an in-transit message only appear when you call <code>PutRawMessageContent</code>
            from an AWS Lambda function configured with a synchronous <a href="https://docs.aws.amazon.com/workmail/latest/adminguide/lambda.html#synchronous-rules">
            Run Lambda</a> rule. If you call <code>PutRawMessageContent</code> on a delivered
            or sent message, the message remains unchanged, even though <a href="https://docs.aws.amazon.com/workmail/latest/APIReference/API_messageflow_GetRawMessageContent.html">GetRawMessageContent</a>
            returns an updated message. 
            </para>
             </note>
            </summary>
            <param name="request">Container for the necessary parameters to execute the PutRawMessageContent service method.</param>
            <param name="cancellationToken">
                A cancellation token that can be used by other objects or threads to receive notice of cancellation.
            </param>
            
            <returns>The response from the PutRawMessageContent service method, as returned by WorkMailMessageFlow.</returns>
            <exception cref="T:Amazon.WorkMailMessageFlow.Model.InvalidContentLocationException">
            WorkMail could not access the updated email content. Possible reasons:
            
             <ul> <li> 
            <para>
            You made the request in a region other than your S3 bucket region.
            </para>
             </li> <li> 
            <para>
            The <a href="https://docs.aws.amazon.com/AmazonS3/latest/dev/bucket-owner-condition.html">S3
            bucket owner</a> is not the same as the calling AWS account.
            </para>
             </li> <li> 
            <para>
            You have an incomplete or missing S3 bucket policy. For more information about policies,
            see <a href="https://docs.aws.amazon.com/workmail/latest/adminguide/update-with-lambda.html">
            Updating message content with AWS Lambda </a> in the <i>WorkMail Administrator Guide</i>.
            </para>
             </li> </ul>
            </exception>
            <exception cref="T:Amazon.WorkMailMessageFlow.Model.MessageFrozenException">
            The requested email is not eligible for update. This is usually the case for a redirected
            email.
            </exception>
            <exception cref="T:Amazon.WorkMailMessageFlow.Model.MessageRejectedException">
            The requested email could not be updated due to an error in the MIME content. Check
            the error message for more information about what caused the error.
            </exception>
            <exception cref="T:Amazon.WorkMailMessageFlow.Model.ResourceNotFoundException">
            The requested email message is not found.
            </exception>
            <seealso href="http://docs.aws.amazon.com/goto/WebAPI/workmailmessageflow-2019-05-01/PutRawMessageContent">REST API Reference for PutRawMessageContent Operation</seealso>
        </member>
        <member name="M:Amazon.WorkMailMessageFlow.AmazonWorkMailMessageFlowClient.DetermineServiceOperationEndpoint(Amazon.Runtime.AmazonWebServiceRequest)">
            <summary>
            Returns the endpoint that will be used for a particular request.
            </summary>
            <param name="request">Request for the desired service operation.</param>
            <returns>The resolved endpoint for the given request.</returns>
        </member>
        <member name="T:Amazon.WorkMailMessageFlow.IAmazonWorkMailMessageFlow">
             <summary>
             Interface for accessing WorkMailMessageFlow
            
             The WorkMail Message Flow API provides access to email messages as they are being
             sent and received by a WorkMail organization.
             </summary>
        </member>
        <member name="M:Amazon.WorkMailMessageFlow.IAmazonWorkMailMessageFlow.GetRawMessageContentAsync(Amazon.WorkMailMessageFlow.Model.GetRawMessageContentRequest,System.Threading.CancellationToken)">
            <summary>
            Retrieves the raw content of an in-transit email message, in MIME format.
            </summary>
            <param name="request">Container for the necessary parameters to execute the GetRawMessageContent service method.</param>
            <param name="cancellationToken">
                A cancellation token that can be used by other objects or threads to receive notice of cancellation.
            </param>
            
            <returns>The response from the GetRawMessageContent service method, as returned by WorkMailMessageFlow.</returns>
            <exception cref="T:Amazon.WorkMailMessageFlow.Model.ResourceNotFoundException">
            The requested email message is not found.
            </exception>
            <seealso href="http://docs.aws.amazon.com/goto/WebAPI/workmailmessageflow-2019-05-01/GetRawMessageContent">REST API Reference for GetRawMessageContent Operation</seealso>
        </member>
        <member name="M:Amazon.WorkMailMessageFlow.IAmazonWorkMailMessageFlow.PutRawMessageContentAsync(Amazon.WorkMailMessageFlow.Model.PutRawMessageContentRequest,System.Threading.CancellationToken)">
            <summary>
            Updates the raw content of an in-transit email message, in MIME format.
            
             
            <para>
            This example describes how to update in-transit email message. For more information
            and examples for using this API, see <a href="https://docs.aws.amazon.com/workmail/latest/adminguide/update-with-lambda.html">
            Updating message content with AWS Lambda</a>.
            </para>
             <note> 
            <para>
            Updates to an in-transit message only appear when you call <code>PutRawMessageContent</code>
            from an AWS Lambda function configured with a synchronous <a href="https://docs.aws.amazon.com/workmail/latest/adminguide/lambda.html#synchronous-rules">
            Run Lambda</a> rule. If you call <code>PutRawMessageContent</code> on a delivered
            or sent message, the message remains unchanged, even though <a href="https://docs.aws.amazon.com/workmail/latest/APIReference/API_messageflow_GetRawMessageContent.html">GetRawMessageContent</a>
            returns an updated message. 
            </para>
             </note>
            </summary>
            <param name="request">Container for the necessary parameters to execute the PutRawMessageContent service method.</param>
            <param name="cancellationToken">
                A cancellation token that can be used by other objects or threads to receive notice of cancellation.
            </param>
            
            <returns>The response from the PutRawMessageContent service method, as returned by WorkMailMessageFlow.</returns>
            <exception cref="T:Amazon.WorkMailMessageFlow.Model.InvalidContentLocationException">
            WorkMail could not access the updated email content. Possible reasons:
            
             <ul> <li> 
            <para>
            You made the request in a region other than your S3 bucket region.
            </para>
             </li> <li> 
            <para>
            The <a href="https://docs.aws.amazon.com/AmazonS3/latest/dev/bucket-owner-condition.html">S3
            bucket owner</a> is not the same as the calling AWS account.
            </para>
             </li> <li> 
            <para>
            You have an incomplete or missing S3 bucket policy. For more information about policies,
            see <a href="https://docs.aws.amazon.com/workmail/latest/adminguide/update-with-lambda.html">
            Updating message content with AWS Lambda </a> in the <i>WorkMail Administrator Guide</i>.
            </para>
             </li> </ul>
            </exception>
            <exception cref="T:Amazon.WorkMailMessageFlow.Model.MessageFrozenException">
            The requested email is not eligible for update. This is usually the case for a redirected
            email.
            </exception>
            <exception cref="T:Amazon.WorkMailMessageFlow.Model.MessageRejectedException">
            The requested email could not be updated due to an error in the MIME content. Check
            the error message for more information about what caused the error.
            </exception>
            <exception cref="T:Amazon.WorkMailMessageFlow.Model.ResourceNotFoundException">
            The requested email message is not found.
            </exception>
            <seealso href="http://docs.aws.amazon.com/goto/WebAPI/workmailmessageflow-2019-05-01/PutRawMessageContent">REST API Reference for PutRawMessageContent Operation</seealso>
        </member>
        <member name="M:Amazon.WorkMailMessageFlow.IAmazonWorkMailMessageFlow.DetermineServiceOperationEndpoint(Amazon.Runtime.AmazonWebServiceRequest)">
            <summary>
            Returns the endpoint that will be used for a particular request.
            </summary>
            <param name="request">Request for the desired service operation.</param>
            <returns>The resolved endpoint for the given request.</returns>
        </member>
    </members>
</doc>
