<?xml version="1.0"?>
<doc>
    <assembly>
        <name>AWSSDK.AWSMarketplaceCommerceAnalytics</name>
    </assembly>
    <members>
        <member name="T:Amazon.AWSMarketplaceCommerceAnalytics.AmazonAWSMarketplaceCommerceAnalyticsConfig">
            <summary>
            Configuration for accessing Amazon AWSMarketplaceCommerceAnalytics service
            </summary>
        </member>
        <member name="P:Amazon.AWSMarketplaceCommerceAnalytics.AmazonAWSMarketplaceCommerceAnalyticsConfig.ServiceId">
            <summary>
             The ServiceId, which is the unique identifier for a service.
            </summary>
        </member>
        <member name="M:Amazon.AWSMarketplaceCommerceAnalytics.AmazonAWSMarketplaceCommerceAnalyticsConfig.#ctor">
            <summary>
            Default constructor
            </summary>
        </member>
        <member name="P:Amazon.AWSMarketplaceCommerceAnalytics.AmazonAWSMarketplaceCommerceAnalyticsConfig.RegionEndpointServiceName">
            <summary>
            The constant used to lookup in the region hash the endpoint.
            </summary>
        </member>
        <member name="P:Amazon.AWSMarketplaceCommerceAnalytics.AmazonAWSMarketplaceCommerceAnalyticsConfig.ServiceVersion">
            <summary>
            Gets the ServiceVersion property.
            </summary>
        </member>
        <member name="P:Amazon.AWSMarketplaceCommerceAnalytics.AmazonAWSMarketplaceCommerceAnalyticsConfig.UserAgent">
            <summary>
            Gets the value of UserAgent property.
            </summary>
        </member>
        <member name="T:Amazon.AWSMarketplaceCommerceAnalytics.AmazonAWSMarketplaceCommerceAnalyticsDefaultConfiguration">
            <summary>
            Configuration for accessing Amazon AWSMarketplaceCommerceAnalytics service
            </summary>
        </member>
        <member name="M:Amazon.AWSMarketplaceCommerceAnalytics.AmazonAWSMarketplaceCommerceAnalyticsDefaultConfiguration.GetAllConfigurations">
            <summary>
            Collection of all <see cref="T:Amazon.Runtime.DefaultConfiguration"/>s supported by
            AWSMarketplaceCommerceAnalytics
            </summary>
        </member>
        <member name="P:Amazon.AWSMarketplaceCommerceAnalytics.AmazonAWSMarketplaceCommerceAnalyticsDefaultConfiguration.Standard">
            <summary>
            <p>The STANDARD mode provides the latest recommended default values that should be safe to run in most scenarios</p><p>Note that the default values vended from this mode might change as best practices may evolve. As a result, it is encouraged to perform tests when upgrading the SDK</p>
            </summary>
        </member>
        <member name="P:Amazon.AWSMarketplaceCommerceAnalytics.AmazonAWSMarketplaceCommerceAnalyticsDefaultConfiguration.InRegion">
            <summary>
            <p>The IN_REGION mode builds on the standard mode and includes optimization tailored for applications which call AWS services from within the same AWS region</p><p>Note that the default values vended from this mode might change as best practices may evolve. As a result, it is encouraged to perform tests when upgrading the SDK</p>
            </summary>
        </member>
        <member name="P:Amazon.AWSMarketplaceCommerceAnalytics.AmazonAWSMarketplaceCommerceAnalyticsDefaultConfiguration.CrossRegion">
            <summary>
            <p>The CROSS_REGION mode builds on the standard mode and includes optimization tailored for applications which call AWS services in a different region</p><p>Note that the default values vended from this mode might change as best practices may evolve. As a result, it is encouraged to perform tests when upgrading the SDK</p>
            </summary>
        </member>
        <member name="P:Amazon.AWSMarketplaceCommerceAnalytics.AmazonAWSMarketplaceCommerceAnalyticsDefaultConfiguration.Mobile">
            <summary>
            <p>The MOBILE mode builds on the standard mode and includes optimization tailored for mobile applications</p><p>Note that the default values vended from this mode might change as best practices may evolve. As a result, it is encouraged to perform tests when upgrading the SDK</p>
            </summary>
        </member>
        <member name="P:Amazon.AWSMarketplaceCommerceAnalytics.AmazonAWSMarketplaceCommerceAnalyticsDefaultConfiguration.Auto">
            <summary>
            <p>The AUTO mode is an experimental mode that builds on the standard mode. The SDK will attempt to discover the execution environment to determine the appropriate settings automatically.</p><p>Note that the auto detection is heuristics-based and does not guarantee 100% accuracy. STANDARD mode will be used if the execution environment cannot be determined. The auto detection might query <a href="https://docs.aws.amazon.com/AWSEC2/latest/UserGuide/ec2-instance-metadata.html">EC2 Instance Metadata service</a>, which might introduce latency. Therefore we recommend choosing an explicit defaults_mode instead if startup latency is critical to your application</p>
            </summary>
        </member>
        <member name="P:Amazon.AWSMarketplaceCommerceAnalytics.AmazonAWSMarketplaceCommerceAnalyticsDefaultConfiguration.Legacy">
            <summary>
            <p>The LEGACY mode provides default settings that vary per SDK and were used prior to establishment of defaults_mode</p>
            </summary>
        </member>
        <member name="T:Amazon.AWSMarketplaceCommerceAnalytics.Endpoints.AWSMarketplaceCommerceAnalyticsEndpointParameters">
            <summary>
            Contains parameters used for resolving AWSMarketplaceCommerceAnalytics endpoints
            Parameters can be sourced from client config and service operations
            Used by internal AWSMarketplaceCommerceAnalyticsEndpointProvider and AWSMarketplaceCommerceAnalyticsEndpointResolver
            Can be used by custom EndpointProvider, see ClientConfig.EndpointProvider
            </summary>
        </member>
        <member name="M:Amazon.AWSMarketplaceCommerceAnalytics.Endpoints.AWSMarketplaceCommerceAnalyticsEndpointParameters.#ctor">
            <summary>
            AWSMarketplaceCommerceAnalyticsEndpointParameters constructor
            </summary>
        </member>
        <member name="P:Amazon.AWSMarketplaceCommerceAnalytics.Endpoints.AWSMarketplaceCommerceAnalyticsEndpointParameters.Region">
            <summary>
            Region parameter
            </summary>
        </member>
        <member name="P:Amazon.AWSMarketplaceCommerceAnalytics.Endpoints.AWSMarketplaceCommerceAnalyticsEndpointParameters.UseDualStack">
            <summary>
            UseDualStack parameter
            </summary>
        </member>
        <member name="P:Amazon.AWSMarketplaceCommerceAnalytics.Endpoints.AWSMarketplaceCommerceAnalyticsEndpointParameters.UseFIPS">
            <summary>
            UseFIPS parameter
            </summary>
        </member>
        <member name="P:Amazon.AWSMarketplaceCommerceAnalytics.Endpoints.AWSMarketplaceCommerceAnalyticsEndpointParameters.Endpoint">
            <summary>
            Endpoint parameter
            </summary>
        </member>
        <member name="T:Amazon.AWSMarketplaceCommerceAnalytics.AmazonAWSMarketplaceCommerceAnalyticsException">
            <summary>
             Common exception for the AWSMarketplaceCommerceAnalytics service.
             </summary>
        </member>
        <member name="M:Amazon.AWSMarketplaceCommerceAnalytics.AmazonAWSMarketplaceCommerceAnalyticsException.#ctor(System.String)">
            <summary>
            Construct instance of AmazonAWSMarketplaceCommerceAnalyticsException
            </summary>
            <param name="message"></param>
        </member>
        <member name="M:Amazon.AWSMarketplaceCommerceAnalytics.AmazonAWSMarketplaceCommerceAnalyticsException.#ctor(System.String,System.Exception)">
            <summary>
            Construct instance of AmazonAWSMarketplaceCommerceAnalyticsException
            </summary>
            <param name="message"></param>
            <param name="innerException"></param>
        </member>
        <member name="M:Amazon.AWSMarketplaceCommerceAnalytics.AmazonAWSMarketplaceCommerceAnalyticsException.#ctor(System.Exception)">
            <summary>
            Construct instance of AmazonAWSMarketplaceCommerceAnalyticsException
            </summary>
            <param name="innerException"></param>
        </member>
        <member name="M:Amazon.AWSMarketplaceCommerceAnalytics.AmazonAWSMarketplaceCommerceAnalyticsException.#ctor(System.String,Amazon.Runtime.ErrorType,System.String,System.String,System.Net.HttpStatusCode)">
            <summary>
            Construct instance of AmazonAWSMarketplaceCommerceAnalyticsException
            </summary>
            <param name="message"></param>
            <param name="errorType"></param>
            <param name="errorCode"></param>
            <param name="requestId"></param>
            <param name="statusCode"></param>
        </member>
        <member name="M:Amazon.AWSMarketplaceCommerceAnalytics.AmazonAWSMarketplaceCommerceAnalyticsException.#ctor(System.String,System.Exception,Amazon.Runtime.ErrorType,System.String,System.String,System.Net.HttpStatusCode)">
            <summary>
            Construct instance of AmazonAWSMarketplaceCommerceAnalyticsException
            </summary>
            <param name="message"></param>
            <param name="innerException"></param>
            <param name="errorType"></param>
            <param name="errorCode"></param>
            <param name="requestId"></param>
            <param name="statusCode"></param>
        </member>
        <member name="T:Amazon.AWSMarketplaceCommerceAnalytics.Internal.AmazonAWSMarketplaceCommerceAnalyticsEndpointProvider">
            <summary>
            Amazon AWSMarketplaceCommerceAnalytics endpoint provider.
            Resolves endpoint for given set of AWSMarketplaceCommerceAnalyticsEndpointParameters.
            Can throw AmazonClientException if endpoint resolution is unsuccessful.
            </summary>
        </member>
        <member name="M:Amazon.AWSMarketplaceCommerceAnalytics.Internal.AmazonAWSMarketplaceCommerceAnalyticsEndpointProvider.ResolveEndpoint(Amazon.Runtime.Endpoints.EndpointParameters)">
            <summary>
            Resolve endpoint for AWSMarketplaceCommerceAnalyticsEndpointParameters
            </summary>
        </member>
        <member name="T:Amazon.AWSMarketplaceCommerceAnalytics.Internal.AmazonAWSMarketplaceCommerceAnalyticsEndpointResolver">
            <summary>
            Amazon AWSMarketplaceCommerceAnalytics endpoint resolver.
            Custom PipelineHandler responsible for resolving endpoint and setting authentication parameters for AWSMarketplaceCommerceAnalytics service requests.
            Collects values for AWSMarketplaceCommerceAnalyticsEndpointParameters and then tries to resolve endpoint by calling 
            ResolveEndpoint method on GlobalEndpoints.Provider if present, otherwise uses AWSMarketplaceCommerceAnalyticsEndpointProvider.
            Responsible for setting authentication and http headers provided by resolved endpoint.
            </summary>
        </member>
        <member name="T:Amazon.AWSMarketplaceCommerceAnalytics.Internal.AmazonAWSMarketplaceCommerceAnalyticsMetadata">
            <summary>
            Service metadata for  Amazon AWSMarketplaceCommerceAnalytics service
            </summary>
        </member>
        <member name="P:Amazon.AWSMarketplaceCommerceAnalytics.Internal.AmazonAWSMarketplaceCommerceAnalyticsMetadata.ServiceId">
            <summary>
            Gets the value of the Service Id.
            </summary>
        </member>
        <member name="P:Amazon.AWSMarketplaceCommerceAnalytics.Internal.AmazonAWSMarketplaceCommerceAnalyticsMetadata.OperationNameMapping">
            <summary>
            Gets the dictionary that gives mapping of renamed operations
            </summary>
        </member>
        <member name="T:Amazon.AWSMarketplaceCommerceAnalytics.AmazonAWSMarketplaceCommerceAnalyticsRequest">
            <summary>
            Base class for AWSMarketplaceCommerceAnalytics operation requests.
            </summary>
        </member>
        <member name="T:Amazon.AWSMarketplaceCommerceAnalytics.Model.GenerateDataSetRequest">
            <summary>
            Container for the parameters to the GenerateDataSet operation.
            Given a data set type and data set publication date, asynchronously publishes the
            requested data set to the specified S3 bucket and notifies the specified SNS topic
            once the data is available. Returns a unique request identifier that can be used to
            correlate requests with notifications from the SNS topic. Data sets will be published
            in comma-separated values (CSV) format with the file name {data_set_type}_YYYY-MM-DD.csv.
            If a file with the same name already exists (e.g. if the same data set is requested
            twice), the original file will be overwritten by the new file. Requires a Role with
            an attached permissions policy providing Allow permissions for the following actions:
            s3:PutObject, s3:GetBucketLocation, sns:GetTopicAttributes, sns:Publish, iam:GetRolePolicy.
            </summary>
        </member>
        <member name="P:Amazon.AWSMarketplaceCommerceAnalytics.Model.GenerateDataSetRequest.CustomerDefinedValues">
            <summary>
            Gets and sets the property CustomerDefinedValues. (Optional) Key-value pairs which
            will be returned, unmodified, in the Amazon SNS notification message and the data
            set metadata file. These key-value pairs can be used to correlated responses with
            tracking information from other systems.
            </summary>
        </member>
        <member name="P:Amazon.AWSMarketplaceCommerceAnalytics.Model.GenerateDataSetRequest.DataSetPublicationDate">
            <summary>
            Gets and sets the property DataSetPublicationDate. The date a data set was published.
            For daily data sets, provide a date with day-level granularity for the desired day.
            For monthly data sets except those with prefix disbursed_amount, provide a date with
            month-level granularity for the desired month (the day value will be ignored). For
            data sets with prefix disbursed_amount, provide a date with day-level granularity
            for the desired day. For these data sets we will look backwards in time over the range
            of 31 days until the first data set is found (the latest one).
            </summary>
        </member>
        <member name="P:Amazon.AWSMarketplaceCommerceAnalytics.Model.GenerateDataSetRequest.DataSetType">
            <summary>
            Gets and sets the property DataSetType. 
            <para>
            The desired data set type.
            </para>
             
            <para>
             <ul> <li> <strong>customer_subscriber_hourly_monthly_subscriptions</strong> 
            <para>
            From 2017-09-15 to present: Available daily by 24:00 UTC.
            </para>
             </li> <li> <strong>customer_subscriber_annual_subscriptions</strong> 
            <para>
            From 2017-09-15 to present: Available daily by 24:00 UTC.
            </para>
             </li> <li> <strong>daily_business_usage_by_instance_type</strong> 
            <para>
            From 2017-09-15 to present: Available daily by 24:00 UTC.
            </para>
             </li> <li> <strong>daily_business_fees</strong> 
            <para>
            From 2017-09-15 to present: Available daily by 24:00 UTC.
            </para>
             </li> <li> <strong>daily_business_free_trial_conversions</strong> 
            <para>
            From 2017-09-15 to present: Available daily by 24:00 UTC.
            </para>
             </li> <li> <strong>daily_business_new_instances</strong> 
            <para>
            From 2017-09-15 to present: Available daily by 24:00 UTC.
            </para>
             </li> <li> <strong>daily_business_new_product_subscribers</strong> 
            <para>
            From 2017-09-15 to present: Available daily by 24:00 UTC.
            </para>
             </li> <li> <strong>daily_business_canceled_product_subscribers</strong> 
            <para>
            From 2017-09-15 to present: Available daily by 24:00 UTC.
            </para>
             </li> <li> <strong>monthly_revenue_billing_and_revenue_data</strong> 
            <para>
            From 2017-09-15 to present: Available monthly on the 15th day of the month by 24:00
            UTC. Data includes metered transactions (e.g. hourly) from one month prior.
            </para>
             </li> <li> <strong>monthly_revenue_annual_subscriptions</strong> 
            <para>
            From 2017-09-15 to present: Available monthly on the 15th day of the month by 24:00
            UTC. Data includes up-front software charges (e.g. annual) from one month prior.
            </para>
             </li> <li> <strong>monthly_revenue_field_demonstration_usage</strong> 
            <para>
            From 2018-03-15 to present: Available monthly on the 15th day of the month by 24:00
            UTC.
            </para>
             </li> <li> <strong>monthly_revenue_flexible_payment_schedule</strong> 
            <para>
            From 2018-11-15 to present: Available monthly on the 15th day of the month by 24:00
            UTC.
            </para>
             </li> <li> <strong>disbursed_amount_by_product</strong> 
            <para>
            From 2017-09-15 to present: Available every 30 days by 24:00 UTC.
            </para>
             </li> <li> <strong>disbursed_amount_by_instance_hours</strong> 
            <para>
            From 2017-09-15 to present: Available every 30 days by 24:00 UTC.
            </para>
             </li> <li> <strong>disbursed_amount_by_customer_geo</strong> 
            <para>
            From 2017-09-15 to present: Available every 30 days by 24:00 UTC.
            </para>
             </li> <li> <strong>disbursed_amount_by_age_of_uncollected_funds</strong> 
            <para>
            From 2017-09-15 to present: Available every 30 days by 24:00 UTC.
            </para>
             </li> <li> <strong>disbursed_amount_by_age_of_disbursed_funds</strong> 
            <para>
            From 2017-09-15 to present: Available every 30 days by 24:00 UTC.
            </para>
             </li> <li> <strong>disbursed_amount_by_age_of_past_due_funds</strong> 
            <para>
            From 2018-04-07 to present: Available every 30 days by 24:00 UTC.
            </para>
             </li> <li> <strong>disbursed_amount_by_uncollected_funds_breakdown</strong> 
            <para>
            From 2019-10-04 to present: Available every 30 days by 24:00 UTC.
            </para>
             </li> <li> <strong>sales_compensation_billed_revenue</strong> 
            <para>
            From 2017-09-15 to present: Available monthly on the 15th day of the month by 24:00
            UTC. Data includes metered transactions (e.g. hourly) from one month prior, and up-front
            software charges (e.g. annual) from one month prior.
            </para>
             </li> <li> <strong>us_sales_and_use_tax_records</strong> 
            <para>
            From 2017-09-15 to present: Available monthly on the 15th day of the month by 24:00
            UTC.
            </para>
             </li> <li> <strong>disbursed_amount_by_product_with_uncollected_funds</strong> 
            <para>
            This data set is deprecated. Download related reports from AMMP instead!
            </para>
             </li> <li> <strong>customer_profile_by_industry</strong> 
            <para>
            This data set is deprecated. Download related reports from AMMP instead!
            </para>
             </li> <li> <strong>customer_profile_by_revenue</strong> 
            <para>
            This data set is deprecated. Download related reports from AMMP instead!
            </para>
             </li> <li> <strong>customer_profile_by_geography</strong> 
            <para>
            This data set is deprecated. Download related reports from AMMP instead!
            </para>
             </li> </ul> 
            </para>
            </summary>
        </member>
        <member name="P:Amazon.AWSMarketplaceCommerceAnalytics.Model.GenerateDataSetRequest.DestinationS3BucketName">
            <summary>
            Gets and sets the property DestinationS3BucketName. The name (friendly name, not ARN)
            of the destination S3 bucket.
            </summary>
        </member>
        <member name="P:Amazon.AWSMarketplaceCommerceAnalytics.Model.GenerateDataSetRequest.DestinationS3Prefix">
            <summary>
            Gets and sets the property DestinationS3Prefix. (Optional) The desired S3 prefix for
            the published data set, similar to a directory path in standard file systems. For
            example, if given the bucket name "mybucket" and the prefix "myprefix/mydatasets",
            the output file "outputfile" would be published to "s3://mybucket/myprefix/mydatasets/outputfile".
            If the prefix directory structure does not exist, it will be created. If no prefix
            is provided, the data set will be published to the S3 bucket root.
            </summary>
        </member>
        <member name="P:Amazon.AWSMarketplaceCommerceAnalytics.Model.GenerateDataSetRequest.RoleNameArn">
            <summary>
            Gets and sets the property RoleNameArn. The Amazon Resource Name (ARN) of the Role
            with an attached permissions policy to interact with the provided AWS services.
            </summary>
        </member>
        <member name="P:Amazon.AWSMarketplaceCommerceAnalytics.Model.GenerateDataSetRequest.SnsTopicArn">
            <summary>
            Gets and sets the property SnsTopicArn. Amazon Resource Name (ARN) for the SNS Topic
            that will be notified when the data set has been published or if an error has occurred.
            </summary>
        </member>
        <member name="T:Amazon.AWSMarketplaceCommerceAnalytics.Model.GenerateDataSetResponse">
            <summary>
            Container for the result of the GenerateDataSet operation.
            </summary>
        </member>
        <member name="P:Amazon.AWSMarketplaceCommerceAnalytics.Model.GenerateDataSetResponse.DataSetRequestId">
            <summary>
            Gets and sets the property DataSetRequestId. A unique identifier representing a specific
            request to the GenerateDataSet operation. This identifier can be used to correlate
            a request with notifications from the SNS topic.
            </summary>
        </member>
        <member name="T:Amazon.AWSMarketplaceCommerceAnalytics.Model.Internal.MarshallTransformations.GenerateDataSetRequestMarshaller">
            <summary>
            GenerateDataSet Request Marshaller
            </summary>       
        </member>
        <member name="M:Amazon.AWSMarketplaceCommerceAnalytics.Model.Internal.MarshallTransformations.GenerateDataSetRequestMarshaller.Marshall(Amazon.Runtime.AmazonWebServiceRequest)">
            <summary>
            Marshaller the request object to the HTTP request.
            </summary>  
            <param name="input"></param>
            <returns></returns>
        </member>
        <member name="M:Amazon.AWSMarketplaceCommerceAnalytics.Model.Internal.MarshallTransformations.GenerateDataSetRequestMarshaller.Marshall(Amazon.AWSMarketplaceCommerceAnalytics.Model.GenerateDataSetRequest)">
            <summary>
            Marshaller the request object to the HTTP request.
            </summary>  
            <param name="publicRequest"></param>
            <returns></returns>
        </member>
        <member name="P:Amazon.AWSMarketplaceCommerceAnalytics.Model.Internal.MarshallTransformations.GenerateDataSetRequestMarshaller.Instance">
            <summary>
            Gets the singleton.
            </summary>  
        </member>
        <member name="T:Amazon.AWSMarketplaceCommerceAnalytics.Model.Internal.MarshallTransformations.GenerateDataSetResponseUnmarshaller">
            <summary>
            Response Unmarshaller for GenerateDataSet operation
            </summary>  
        </member>
        <member name="M:Amazon.AWSMarketplaceCommerceAnalytics.Model.Internal.MarshallTransformations.GenerateDataSetResponseUnmarshaller.Unmarshall(Amazon.Runtime.Internal.Transform.JsonUnmarshallerContext)">
            <summary>
            Unmarshaller the response from the service to the response class.
            </summary>  
            <param name="context"></param>
            <returns></returns>
        </member>
        <member name="M:Amazon.AWSMarketplaceCommerceAnalytics.Model.Internal.MarshallTransformations.GenerateDataSetResponseUnmarshaller.UnmarshallException(Amazon.Runtime.Internal.Transform.JsonUnmarshallerContext,System.Exception,System.Net.HttpStatusCode)">
            <summary>
            Unmarshaller error response to exception.
            </summary>  
            <param name="context"></param>
            <param name="innerException"></param>
            <param name="statusCode"></param>
            <returns></returns>
        </member>
        <member name="P:Amazon.AWSMarketplaceCommerceAnalytics.Model.Internal.MarshallTransformations.GenerateDataSetResponseUnmarshaller.Instance">
            <summary>
            Gets the singleton.
            </summary>  
        </member>
        <member name="T:Amazon.AWSMarketplaceCommerceAnalytics.Model.Internal.MarshallTransformations.MarketplaceCommerceAnalyticsExceptionUnmarshaller">
            <summary>
            Response Unmarshaller for MarketplaceCommerceAnalyticsException Object
            </summary>  
        </member>
        <member name="M:Amazon.AWSMarketplaceCommerceAnalytics.Model.Internal.MarshallTransformations.MarketplaceCommerceAnalyticsExceptionUnmarshaller.Unmarshall(Amazon.Runtime.Internal.Transform.JsonUnmarshallerContext)">
            <summary>
            Unmarshaller the response from the service to the response class.
            </summary>  
            <param name="context"></param>
            <returns></returns>
        </member>
        <member name="M:Amazon.AWSMarketplaceCommerceAnalytics.Model.Internal.MarshallTransformations.MarketplaceCommerceAnalyticsExceptionUnmarshaller.Unmarshall(Amazon.Runtime.Internal.Transform.JsonUnmarshallerContext,Amazon.Runtime.Internal.ErrorResponse)">
            <summary>
            Unmarshaller the response from the service to the response class.
            </summary>  
            <param name="context"></param>
            <param name="errorResponse"></param>
            <returns></returns>
        </member>
        <member name="P:Amazon.AWSMarketplaceCommerceAnalytics.Model.Internal.MarshallTransformations.MarketplaceCommerceAnalyticsExceptionUnmarshaller.Instance">
            <summary>
            Gets the singleton.
            </summary>  
        </member>
        <member name="T:Amazon.AWSMarketplaceCommerceAnalytics.Model.Internal.MarshallTransformations.StartSupportDataExportRequestMarshaller">
            <summary>
            StartSupportDataExport Request Marshaller
            </summary>       
        </member>
        <member name="M:Amazon.AWSMarketplaceCommerceAnalytics.Model.Internal.MarshallTransformations.StartSupportDataExportRequestMarshaller.Marshall(Amazon.Runtime.AmazonWebServiceRequest)">
            <summary>
            Marshaller the request object to the HTTP request.
            </summary>  
            <param name="input"></param>
            <returns></returns>
        </member>
        <member name="M:Amazon.AWSMarketplaceCommerceAnalytics.Model.Internal.MarshallTransformations.StartSupportDataExportRequestMarshaller.Marshall(Amazon.AWSMarketplaceCommerceAnalytics.Model.StartSupportDataExportRequest)">
            <summary>
            Marshaller the request object to the HTTP request.
            </summary>  
            <param name="publicRequest"></param>
            <returns></returns>
        </member>
        <member name="P:Amazon.AWSMarketplaceCommerceAnalytics.Model.Internal.MarshallTransformations.StartSupportDataExportRequestMarshaller.Instance">
            <summary>
            Gets the singleton.
            </summary>  
        </member>
        <member name="T:Amazon.AWSMarketplaceCommerceAnalytics.Model.Internal.MarshallTransformations.StartSupportDataExportResponseUnmarshaller">
            <summary>
            Response Unmarshaller for StartSupportDataExport operation
            </summary>  
        </member>
        <member name="M:Amazon.AWSMarketplaceCommerceAnalytics.Model.Internal.MarshallTransformations.StartSupportDataExportResponseUnmarshaller.Unmarshall(Amazon.Runtime.Internal.Transform.JsonUnmarshallerContext)">
            <summary>
            Unmarshaller the response from the service to the response class.
            </summary>  
            <param name="context"></param>
            <returns></returns>
        </member>
        <member name="M:Amazon.AWSMarketplaceCommerceAnalytics.Model.Internal.MarshallTransformations.StartSupportDataExportResponseUnmarshaller.UnmarshallException(Amazon.Runtime.Internal.Transform.JsonUnmarshallerContext,System.Exception,System.Net.HttpStatusCode)">
            <summary>
            Unmarshaller error response to exception.
            </summary>  
            <param name="context"></param>
            <param name="innerException"></param>
            <param name="statusCode"></param>
            <returns></returns>
        </member>
        <member name="P:Amazon.AWSMarketplaceCommerceAnalytics.Model.Internal.MarshallTransformations.StartSupportDataExportResponseUnmarshaller.Instance">
            <summary>
            Gets the singleton.
            </summary>  
        </member>
        <member name="T:Amazon.AWSMarketplaceCommerceAnalytics.Model.MarketplaceCommerceAnalyticsException">
            <summary>
            This exception is thrown when an internal service error occurs.
            </summary>
        </member>
        <member name="M:Amazon.AWSMarketplaceCommerceAnalytics.Model.MarketplaceCommerceAnalyticsException.#ctor(System.String)">
            <summary>
            Constructs a new MarketplaceCommerceAnalyticsException with the specified error
            message.
            </summary>
            <param name="message">
            Describes the error encountered.
            </param>
        </member>
        <member name="M:Amazon.AWSMarketplaceCommerceAnalytics.Model.MarketplaceCommerceAnalyticsException.#ctor(System.String,System.Exception)">
            <summary>
            Construct instance of MarketplaceCommerceAnalyticsException
            </summary>
            <param name="message"></param>
            <param name="innerException"></param>
        </member>
        <member name="M:Amazon.AWSMarketplaceCommerceAnalytics.Model.MarketplaceCommerceAnalyticsException.#ctor(System.Exception)">
            <summary>
            Construct instance of MarketplaceCommerceAnalyticsException
            </summary>
            <param name="innerException"></param>
        </member>
        <member name="M:Amazon.AWSMarketplaceCommerceAnalytics.Model.MarketplaceCommerceAnalyticsException.#ctor(System.String,System.Exception,Amazon.Runtime.ErrorType,System.String,System.String,System.Net.HttpStatusCode)">
            <summary>
            Construct instance of MarketplaceCommerceAnalyticsException
            </summary>
            <param name="message"></param>
            <param name="innerException"></param>
            <param name="errorType"></param>
            <param name="errorCode"></param>
            <param name="requestId"></param>
            <param name="statusCode"></param>
        </member>
        <member name="M:Amazon.AWSMarketplaceCommerceAnalytics.Model.MarketplaceCommerceAnalyticsException.#ctor(System.String,Amazon.Runtime.ErrorType,System.String,System.String,System.Net.HttpStatusCode)">
            <summary>
            Construct instance of MarketplaceCommerceAnalyticsException
            </summary>
            <param name="message"></param>
            <param name="errorType"></param>
            <param name="errorCode"></param>
            <param name="requestId"></param>
            <param name="statusCode"></param>
        </member>
        <member name="T:Amazon.AWSMarketplaceCommerceAnalytics.Model.StartSupportDataExportRequest">
            <summary>
            Container for the parameters to the StartSupportDataExport operation.
            <i>This target has been deprecated.</i> Given a data set type and a from date, asynchronously
            publishes the requested customer support data to the specified S3 bucket and notifies
            the specified SNS topic once the data is available. Returns a unique request identifier
            that can be used to correlate requests with notifications from the SNS topic. Data
            sets will be published in comma-separated values (CSV) format with the file name {data_set_type}_YYYY-MM-DD'T'HH-mm-ss'Z'.csv.
            If a file with the same name already exists (e.g. if the same data set is requested
            twice), the original file will be overwritten by the new file. Requires a Role with
            an attached permissions policy providing Allow permissions for the following actions:
            s3:PutObject, s3:GetBucketLocation, sns:GetTopicAttributes, sns:Publish, iam:GetRolePolicy.
            </summary>
        </member>
        <member name="P:Amazon.AWSMarketplaceCommerceAnalytics.Model.StartSupportDataExportRequest.CustomerDefinedValues">
            <summary>
            Gets and sets the property CustomerDefinedValues. <i>This target has been deprecated.</i>
            (Optional) Key-value pairs which will be returned, unmodified, in the Amazon SNS notification
            message and the data set metadata file.
            </summary>
        </member>
        <member name="P:Amazon.AWSMarketplaceCommerceAnalytics.Model.StartSupportDataExportRequest.DataSetType">
            <summary>
            Gets and sets the property DataSetType. 
            <para>
             <i>This target has been deprecated.</i> Specifies the data set type to be written
            to the output csv file. The data set types customer_support_contacts_data and test_customer_support_contacts_data
            both result in a csv file containing the following fields: Product Id, Product Code,
            Customer Guid, Subscription Guid, Subscription Start Date, Organization, AWS Account
            Id, Given Name, Surname, Telephone Number, Email, Title, Country Code, ZIP Code, Operation
            Type, and Operation Time. 
            </para>
             
            <para>
             <ul> <li><i>customer_support_contacts_data</i> Customer support contact data. The
            data set will contain all changes (Creates, Updates, and Deletes) to customer support
            contact data from the date specified in the from_date parameter.</li> <li><i>test_customer_support_contacts_data</i>
            An example data set containing static test data in the same format as customer_support_contacts_data</li>
            </ul> 
            </para>
            </summary>
        </member>
        <member name="P:Amazon.AWSMarketplaceCommerceAnalytics.Model.StartSupportDataExportRequest.DestinationS3BucketName">
            <summary>
            Gets and sets the property DestinationS3BucketName. <i>This target has been deprecated.</i>
            The name (friendly name, not ARN) of the destination S3 bucket.
            </summary>
        </member>
        <member name="P:Amazon.AWSMarketplaceCommerceAnalytics.Model.StartSupportDataExportRequest.DestinationS3Prefix">
            <summary>
            Gets and sets the property DestinationS3Prefix. <i>This target has been deprecated.</i>
            (Optional) The desired S3 prefix for the published data set, similar to a directory
            path in standard file systems. For example, if given the bucket name "mybucket" and
            the prefix "myprefix/mydatasets", the output file "outputfile" would be published
            to "s3://mybucket/myprefix/mydatasets/outputfile". If the prefix directory structure
            does not exist, it will be created. If no prefix is provided, the data set will be
            published to the S3 bucket root.
            </summary>
        </member>
        <member name="P:Amazon.AWSMarketplaceCommerceAnalytics.Model.StartSupportDataExportRequest.FromDate">
            <summary>
            Gets and sets the property FromDate. <i>This target has been deprecated.</i> The start
            date from which to retrieve the data set in UTC. This parameter only affects the customer_support_contacts_data
            data set type.
            </summary>
        </member>
        <member name="P:Amazon.AWSMarketplaceCommerceAnalytics.Model.StartSupportDataExportRequest.RoleNameArn">
            <summary>
            Gets and sets the property RoleNameArn. <i>This target has been deprecated.</i> The
            Amazon Resource Name (ARN) of the Role with an attached permissions policy to interact
            with the provided AWS services.
            </summary>
        </member>
        <member name="P:Amazon.AWSMarketplaceCommerceAnalytics.Model.StartSupportDataExportRequest.SnsTopicArn">
            <summary>
            Gets and sets the property SnsTopicArn. <i>This target has been deprecated.</i> Amazon
            Resource Name (ARN) for the SNS Topic that will be notified when the data set has
            been published or if an error has occurred.
            </summary>
        </member>
        <member name="T:Amazon.AWSMarketplaceCommerceAnalytics.Model.StartSupportDataExportResponse">
            <summary>
            <i>This target has been deprecated.</i> Container for the result of the StartSupportDataExport
            operation.
            </summary>
        </member>
        <member name="P:Amazon.AWSMarketplaceCommerceAnalytics.Model.StartSupportDataExportResponse.DataSetRequestId">
            <summary>
            Gets and sets the property DataSetRequestId. <i>This target has been deprecated.</i>
            A unique identifier representing a specific request to the StartSupportDataExport
            operation. This identifier can be used to correlate a request with notifications from
            the SNS topic.
            </summary>
        </member>
        <member name="T:Amazon.AWSMarketplaceCommerceAnalytics.DataSetType">
            <summary>
            Constants used for properties of type DataSetType.
            </summary>
        </member>
        <member name="F:Amazon.AWSMarketplaceCommerceAnalytics.DataSetType.Customer_profile_by_geography">
            <summary>
            Constant Customer_profile_by_geography for DataSetType
            </summary>
        </member>
        <member name="F:Amazon.AWSMarketplaceCommerceAnalytics.DataSetType.CustomerProfileByIndustry">
            <summary>
            Constant CustomerProfileByIndustry for DataSetType
            </summary>
        </member>
        <member name="F:Amazon.AWSMarketplaceCommerceAnalytics.DataSetType.CustomerProfileByRevenue">
            <summary>
            Constant CustomerProfileByRevenue for DataSetType
            </summary>
        </member>
        <member name="F:Amazon.AWSMarketplaceCommerceAnalytics.DataSetType.CustomerSubscriberAnnualSubscriptions">
            <summary>
            Constant CustomerSubscriberAnnualSubscriptions for DataSetType
            </summary>
        </member>
        <member name="F:Amazon.AWSMarketplaceCommerceAnalytics.DataSetType.CustomerSubscriberHourlyMonthlySubscriptions">
            <summary>
            Constant CustomerSubscriberHourlyMonthlySubscriptions for DataSetType
            </summary>
        </member>
        <member name="F:Amazon.AWSMarketplaceCommerceAnalytics.DataSetType.DailyBusinessCanceledProductSubscribers">
            <summary>
            Constant DailyBusinessCanceledProductSubscribers for DataSetType
            </summary>
        </member>
        <member name="F:Amazon.AWSMarketplaceCommerceAnalytics.DataSetType.DailyBusinessFees">
            <summary>
            Constant DailyBusinessFees for DataSetType
            </summary>
        </member>
        <member name="F:Amazon.AWSMarketplaceCommerceAnalytics.DataSetType.DailyBusinessFreeTrialConversions">
            <summary>
            Constant DailyBusinessFreeTrialConversions for DataSetType
            </summary>
        </member>
        <member name="F:Amazon.AWSMarketplaceCommerceAnalytics.DataSetType.DailyBusinessNewInstances">
            <summary>
            Constant DailyBusinessNewInstances for DataSetType
            </summary>
        </member>
        <member name="F:Amazon.AWSMarketplaceCommerceAnalytics.DataSetType.DailyBusinessNewProductSubscribers">
            <summary>
            Constant DailyBusinessNewProductSubscribers for DataSetType
            </summary>
        </member>
        <member name="F:Amazon.AWSMarketplaceCommerceAnalytics.DataSetType.DailyBusinessUsageByInstanceType">
            <summary>
            Constant DailyBusinessUsageByInstanceType for DataSetType
            </summary>
        </member>
        <member name="F:Amazon.AWSMarketplaceCommerceAnalytics.DataSetType.Disbursed_amount_by_age_of_past_due_funds">
            <summary>
            Constant Disbursed_amount_by_age_of_past_due_funds for DataSetType
            </summary>
        </member>
        <member name="F:Amazon.AWSMarketplaceCommerceAnalytics.DataSetType.Disbursed_amount_by_instance_hours">
            <summary>
            Constant Disbursed_amount_by_instance_hours for DataSetType
            </summary>
        </member>
        <member name="F:Amazon.AWSMarketplaceCommerceAnalytics.DataSetType.Disbursed_amount_by_product_with_uncollected_funds">
            <summary>
            Constant Disbursed_amount_by_product_with_uncollected_funds for DataSetType
            </summary>
        </member>
        <member name="F:Amazon.AWSMarketplaceCommerceAnalytics.DataSetType.Disbursed_amount_by_uncollected_funds_breakdown">
            <summary>
            Constant Disbursed_amount_by_uncollected_funds_breakdown for DataSetType
            </summary>
        </member>
        <member name="F:Amazon.AWSMarketplaceCommerceAnalytics.DataSetType.DisbursedAmountByAgeOfDisbursedFunds">
            <summary>
            Constant DisbursedAmountByAgeOfDisbursedFunds for DataSetType
            </summary>
        </member>
        <member name="F:Amazon.AWSMarketplaceCommerceAnalytics.DataSetType.DisbursedAmountByAgeOfUncollectedFunds">
            <summary>
            Constant DisbursedAmountByAgeOfUncollectedFunds for DataSetType
            </summary>
        </member>
        <member name="F:Amazon.AWSMarketplaceCommerceAnalytics.DataSetType.DisbursedAmountByCustomerGeo">
            <summary>
            Constant DisbursedAmountByCustomerGeo for DataSetType
            </summary>
        </member>
        <member name="F:Amazon.AWSMarketplaceCommerceAnalytics.DataSetType.DisbursedAmountByProduct">
            <summary>
            Constant DisbursedAmountByProduct for DataSetType
            </summary>
        </member>
        <member name="F:Amazon.AWSMarketplaceCommerceAnalytics.DataSetType.Monthly_revenue_field_demonstration_usage">
            <summary>
            Constant Monthly_revenue_field_demonstration_usage for DataSetType
            </summary>
        </member>
        <member name="F:Amazon.AWSMarketplaceCommerceAnalytics.DataSetType.Monthly_revenue_flexible_payment_schedule">
            <summary>
            Constant Monthly_revenue_flexible_payment_schedule for DataSetType
            </summary>
        </member>
        <member name="F:Amazon.AWSMarketplaceCommerceAnalytics.DataSetType.MonthlyRevenueAnnualSubscriptions">
            <summary>
            Constant MonthlyRevenueAnnualSubscriptions for DataSetType
            </summary>
        </member>
        <member name="F:Amazon.AWSMarketplaceCommerceAnalytics.DataSetType.MonthlyRevenueBillingAndRevenueData">
            <summary>
            Constant MonthlyRevenueBillingAndRevenueData for DataSetType
            </summary>
        </member>
        <member name="F:Amazon.AWSMarketplaceCommerceAnalytics.DataSetType.Sales_compensation_billed_revenue">
            <summary>
            Constant Sales_compensation_billed_revenue for DataSetType
            </summary>
        </member>
        <member name="F:Amazon.AWSMarketplaceCommerceAnalytics.DataSetType.Us_sales_and_use_tax_records">
            <summary>
            Constant Us_sales_and_use_tax_records for DataSetType
            </summary>
        </member>
        <member name="M:Amazon.AWSMarketplaceCommerceAnalytics.DataSetType.#ctor(System.String)">
            <summary>
            This constant constructor does not need to be called if the constant
            you are attempting to use is already defined as a static instance of 
            this class.
            This constructor should be used to construct constants that are not
            defined as statics, for instance if attempting to use a feature that is
            newer than the current version of the SDK.
            </summary>
        </member>
        <member name="M:Amazon.AWSMarketplaceCommerceAnalytics.DataSetType.FindValue(System.String)">
            <summary>
            Finds the constant for the unique value.
            </summary>
            <param name="value">The unique value for the constant</param>
            <returns>The constant for the unique value</returns>
        </member>
        <member name="M:Amazon.AWSMarketplaceCommerceAnalytics.DataSetType.op_Implicit(System.String)~Amazon.AWSMarketplaceCommerceAnalytics.DataSetType">
            <summary>
            Utility method to convert strings to the constant class.
            </summary>
            <param name="value">The string value to convert to the constant class.</param>
            <returns></returns>
        </member>
        <member name="T:Amazon.AWSMarketplaceCommerceAnalytics.SupportDataSetType">
            <summary>
            Constants used for properties of type SupportDataSetType.
            </summary>
        </member>
        <member name="F:Amazon.AWSMarketplaceCommerceAnalytics.SupportDataSetType.Customer_support_contacts_data">
            <summary>
            Constant Customer_support_contacts_data for SupportDataSetType
            </summary>
        </member>
        <member name="F:Amazon.AWSMarketplaceCommerceAnalytics.SupportDataSetType.Test_customer_support_contacts_data">
            <summary>
            Constant Test_customer_support_contacts_data for SupportDataSetType
            </summary>
        </member>
        <member name="M:Amazon.AWSMarketplaceCommerceAnalytics.SupportDataSetType.#ctor(System.String)">
            <summary>
            This constant constructor does not need to be called if the constant
            you are attempting to use is already defined as a static instance of 
            this class.
            This constructor should be used to construct constants that are not
            defined as statics, for instance if attempting to use a feature that is
            newer than the current version of the SDK.
            </summary>
        </member>
        <member name="M:Amazon.AWSMarketplaceCommerceAnalytics.SupportDataSetType.FindValue(System.String)">
            <summary>
            Finds the constant for the unique value.
            </summary>
            <param name="value">The unique value for the constant</param>
            <returns>The constant for the unique value</returns>
        </member>
        <member name="M:Amazon.AWSMarketplaceCommerceAnalytics.SupportDataSetType.op_Implicit(System.String)~Amazon.AWSMarketplaceCommerceAnalytics.SupportDataSetType">
            <summary>
            Utility method to convert strings to the constant class.
            </summary>
            <param name="value">The string value to convert to the constant class.</param>
            <returns></returns>
        </member>
        <member name="T:Amazon.AWSMarketplaceCommerceAnalytics.AmazonAWSMarketplaceCommerceAnalyticsClient">
             <summary>
             Implementation for accessing AWSMarketplaceCommerceAnalytics
            
             Provides AWS Marketplace business intelligence data on-demand.
             </summary>
        </member>
        <member name="M:Amazon.AWSMarketplaceCommerceAnalytics.AmazonAWSMarketplaceCommerceAnalyticsClient.#ctor">
             <summary>
             Constructs AmazonAWSMarketplaceCommerceAnalyticsClient with the credentials loaded from the application's
             default configuration, and if unsuccessful from the Instance Profile service on an EC2 instance.
             
             Example App.config with credentials set. 
             <code>
             &lt;?xml version="1.0" encoding="utf-8" ?&gt;
             &lt;configuration&gt;
                 &lt;appSettings&gt;
                     &lt;add key="AWSProfileName" value="AWS Default"/&gt;
                 &lt;/appSettings&gt;
             &lt;/configuration&gt;
             </code>
            
             </summary>
        </member>
        <member name="M:Amazon.AWSMarketplaceCommerceAnalytics.AmazonAWSMarketplaceCommerceAnalyticsClient.#ctor(Amazon.RegionEndpoint)">
             <summary>
             Constructs AmazonAWSMarketplaceCommerceAnalyticsClient with the credentials loaded from the application's
             default configuration, and if unsuccessful from the Instance Profile service on an EC2 instance.
             
             Example App.config with credentials set. 
             <code>
             &lt;?xml version="1.0" encoding="utf-8" ?&gt;
             &lt;configuration&gt;
                 &lt;appSettings&gt;
                     &lt;add key="AWSProfileName" value="AWS Default"/&gt;
                 &lt;/appSettings&gt;
             &lt;/configuration&gt;
             </code>
            
             </summary>
             <param name="region">The region to connect.</param>
        </member>
        <member name="M:Amazon.AWSMarketplaceCommerceAnalytics.AmazonAWSMarketplaceCommerceAnalyticsClient.#ctor(Amazon.AWSMarketplaceCommerceAnalytics.AmazonAWSMarketplaceCommerceAnalyticsConfig)">
             <summary>
             Constructs AmazonAWSMarketplaceCommerceAnalyticsClient with the credentials loaded from the application's
             default configuration, and if unsuccessful from the Instance Profile service on an EC2 instance.
             
             Example App.config with credentials set. 
             <code>
             &lt;?xml version="1.0" encoding="utf-8" ?&gt;
             &lt;configuration&gt;
                 &lt;appSettings&gt;
                     &lt;add key="AWSProfileName" value="AWS Default"/&gt;
                 &lt;/appSettings&gt;
             &lt;/configuration&gt;
             </code>
            
             </summary>
             <param name="config">The AmazonAWSMarketplaceCommerceAnalyticsClient Configuration Object</param>
        </member>
        <member name="M:Amazon.AWSMarketplaceCommerceAnalytics.AmazonAWSMarketplaceCommerceAnalyticsClient.#ctor(Amazon.Runtime.AWSCredentials)">
            <summary>
            Constructs AmazonAWSMarketplaceCommerceAnalyticsClient with AWS Credentials
            </summary>
            <param name="credentials">AWS Credentials</param>
        </member>
        <member name="M:Amazon.AWSMarketplaceCommerceAnalytics.AmazonAWSMarketplaceCommerceAnalyticsClient.#ctor(Amazon.Runtime.AWSCredentials,Amazon.RegionEndpoint)">
            <summary>
            Constructs AmazonAWSMarketplaceCommerceAnalyticsClient with AWS Credentials
            </summary>
            <param name="credentials">AWS Credentials</param>
            <param name="region">The region to connect.</param>
        </member>
        <member name="M:Amazon.AWSMarketplaceCommerceAnalytics.AmazonAWSMarketplaceCommerceAnalyticsClient.#ctor(Amazon.Runtime.AWSCredentials,Amazon.AWSMarketplaceCommerceAnalytics.AmazonAWSMarketplaceCommerceAnalyticsConfig)">
            <summary>
            Constructs AmazonAWSMarketplaceCommerceAnalyticsClient with AWS Credentials and an
            AmazonAWSMarketplaceCommerceAnalyticsClient Configuration object.
            </summary>
            <param name="credentials">AWS Credentials</param>
            <param name="clientConfig">The AmazonAWSMarketplaceCommerceAnalyticsClient Configuration Object</param>
        </member>
        <member name="M:Amazon.AWSMarketplaceCommerceAnalytics.AmazonAWSMarketplaceCommerceAnalyticsClient.#ctor(System.String,System.String)">
            <summary>
            Constructs AmazonAWSMarketplaceCommerceAnalyticsClient with AWS Access Key ID and AWS Secret Key
            </summary>
            <param name="awsAccessKeyId">AWS Access Key ID</param>
            <param name="awsSecretAccessKey">AWS Secret Access Key</param>
        </member>
        <member name="M:Amazon.AWSMarketplaceCommerceAnalytics.AmazonAWSMarketplaceCommerceAnalyticsClient.#ctor(System.String,System.String,Amazon.RegionEndpoint)">
            <summary>
            Constructs AmazonAWSMarketplaceCommerceAnalyticsClient with AWS Access Key ID and AWS Secret Key
            </summary>
            <param name="awsAccessKeyId">AWS Access Key ID</param>
            <param name="awsSecretAccessKey">AWS Secret Access Key</param>
            <param name="region">The region to connect.</param>
        </member>
        <member name="M:Amazon.AWSMarketplaceCommerceAnalytics.AmazonAWSMarketplaceCommerceAnalyticsClient.#ctor(System.String,System.String,Amazon.AWSMarketplaceCommerceAnalytics.AmazonAWSMarketplaceCommerceAnalyticsConfig)">
            <summary>
            Constructs AmazonAWSMarketplaceCommerceAnalyticsClient with AWS Access Key ID, AWS Secret Key and an
            AmazonAWSMarketplaceCommerceAnalyticsClient Configuration object. 
            </summary>
            <param name="awsAccessKeyId">AWS Access Key ID</param>
            <param name="awsSecretAccessKey">AWS Secret Access Key</param>
            <param name="clientConfig">The AmazonAWSMarketplaceCommerceAnalyticsClient Configuration Object</param>
        </member>
        <member name="M:Amazon.AWSMarketplaceCommerceAnalytics.AmazonAWSMarketplaceCommerceAnalyticsClient.#ctor(System.String,System.String,System.String)">
            <summary>
            Constructs AmazonAWSMarketplaceCommerceAnalyticsClient with AWS Access Key ID and AWS Secret Key
            </summary>
            <param name="awsAccessKeyId">AWS Access Key ID</param>
            <param name="awsSecretAccessKey">AWS Secret Access Key</param>
            <param name="awsSessionToken">AWS Session Token</param>
        </member>
        <member name="M:Amazon.AWSMarketplaceCommerceAnalytics.AmazonAWSMarketplaceCommerceAnalyticsClient.#ctor(System.String,System.String,System.String,Amazon.RegionEndpoint)">
            <summary>
            Constructs AmazonAWSMarketplaceCommerceAnalyticsClient with AWS Access Key ID and AWS Secret Key
            </summary>
            <param name="awsAccessKeyId">AWS Access Key ID</param>
            <param name="awsSecretAccessKey">AWS Secret Access Key</param>
            <param name="awsSessionToken">AWS Session Token</param>
            <param name="region">The region to connect.</param>
        </member>
        <member name="M:Amazon.AWSMarketplaceCommerceAnalytics.AmazonAWSMarketplaceCommerceAnalyticsClient.#ctor(System.String,System.String,System.String,Amazon.AWSMarketplaceCommerceAnalytics.AmazonAWSMarketplaceCommerceAnalyticsConfig)">
            <summary>
            Constructs AmazonAWSMarketplaceCommerceAnalyticsClient with AWS Access Key ID, AWS Secret Key and an
            AmazonAWSMarketplaceCommerceAnalyticsClient Configuration object. 
            </summary>
            <param name="awsAccessKeyId">AWS Access Key ID</param>
            <param name="awsSecretAccessKey">AWS Secret Access Key</param>
            <param name="awsSessionToken">AWS Session Token</param>
            <param name="clientConfig">The AmazonAWSMarketplaceCommerceAnalyticsClient Configuration Object</param>
        </member>
        <member name="M:Amazon.AWSMarketplaceCommerceAnalytics.AmazonAWSMarketplaceCommerceAnalyticsClient.CreateSigner">
            <summary>
            Creates the signer for the service.
            </summary>
        </member>
        <member name="M:Amazon.AWSMarketplaceCommerceAnalytics.AmazonAWSMarketplaceCommerceAnalyticsClient.CustomizeRuntimePipeline(Amazon.Runtime.Internal.RuntimePipeline)">
            <summary>
            Customizes the runtime pipeline.
            </summary>
            <param name="pipeline">Runtime pipeline for the current client.</param>
        </member>
        <member name="P:Amazon.AWSMarketplaceCommerceAnalytics.AmazonAWSMarketplaceCommerceAnalyticsClient.ServiceMetadata">
            <summary>
            Capture metadata for the service.
            </summary>
        </member>
        <member name="M:Amazon.AWSMarketplaceCommerceAnalytics.AmazonAWSMarketplaceCommerceAnalyticsClient.Dispose(System.Boolean)">
            <summary>
            Disposes the service client.
            </summary>
        </member>
        <member name="M:Amazon.AWSMarketplaceCommerceAnalytics.AmazonAWSMarketplaceCommerceAnalyticsClient.GenerateDataSetAsync(Amazon.AWSMarketplaceCommerceAnalytics.Model.GenerateDataSetRequest,System.Threading.CancellationToken)">
            <summary>
            Given a data set type and data set publication date, asynchronously publishes the
            requested data set to the specified S3 bucket and notifies the specified SNS topic
            once the data is available. Returns a unique request identifier that can be used to
            correlate requests with notifications from the SNS topic. Data sets will be published
            in comma-separated values (CSV) format with the file name {data_set_type}_YYYY-MM-DD.csv.
            If a file with the same name already exists (e.g. if the same data set is requested
            twice), the original file will be overwritten by the new file. Requires a Role with
            an attached permissions policy providing Allow permissions for the following actions:
            s3:PutObject, s3:GetBucketLocation, sns:GetTopicAttributes, sns:Publish, iam:GetRolePolicy.
            </summary>
            <param name="request">Container for the necessary parameters to execute the GenerateDataSet service method.</param>
            <param name="cancellationToken">
                A cancellation token that can be used by other objects or threads to receive notice of cancellation.
            </param>
            
            <returns>The response from the GenerateDataSet service method, as returned by AWSMarketplaceCommerceAnalytics.</returns>
            <exception cref="T:Amazon.AWSMarketplaceCommerceAnalytics.Model.MarketplaceCommerceAnalyticsException">
            This exception is thrown when an internal service error occurs.
            </exception>
            <seealso href="http://docs.aws.amazon.com/goto/WebAPI/marketplacecommerceanalytics-2015-07-01/GenerateDataSet">REST API Reference for GenerateDataSet Operation</seealso>
        </member>
        <member name="M:Amazon.AWSMarketplaceCommerceAnalytics.AmazonAWSMarketplaceCommerceAnalyticsClient.StartSupportDataExportAsync(Amazon.AWSMarketplaceCommerceAnalytics.Model.StartSupportDataExportRequest,System.Threading.CancellationToken)">
            <summary>
            <i>This target has been deprecated.</i> Given a data set type and a from date, asynchronously
            publishes the requested customer support data to the specified S3 bucket and notifies
            the specified SNS topic once the data is available. Returns a unique request identifier
            that can be used to correlate requests with notifications from the SNS topic. Data
            sets will be published in comma-separated values (CSV) format with the file name {data_set_type}_YYYY-MM-DD'T'HH-mm-ss'Z'.csv.
            If a file with the same name already exists (e.g. if the same data set is requested
            twice), the original file will be overwritten by the new file. Requires a Role with
            an attached permissions policy providing Allow permissions for the following actions:
            s3:PutObject, s3:GetBucketLocation, sns:GetTopicAttributes, sns:Publish, iam:GetRolePolicy.
            </summary>
            <param name="request">Container for the necessary parameters to execute the StartSupportDataExport service method.</param>
            <param name="cancellationToken">
                A cancellation token that can be used by other objects or threads to receive notice of cancellation.
            </param>
            
            <returns>The response from the StartSupportDataExport service method, as returned by AWSMarketplaceCommerceAnalytics.</returns>
            <exception cref="T:Amazon.AWSMarketplaceCommerceAnalytics.Model.MarketplaceCommerceAnalyticsException">
            This exception is thrown when an internal service error occurs.
            </exception>
            <seealso href="http://docs.aws.amazon.com/goto/WebAPI/marketplacecommerceanalytics-2015-07-01/StartSupportDataExport">REST API Reference for StartSupportDataExport Operation</seealso>
        </member>
        <member name="M:Amazon.AWSMarketplaceCommerceAnalytics.AmazonAWSMarketplaceCommerceAnalyticsClient.DetermineServiceOperationEndpoint(Amazon.Runtime.AmazonWebServiceRequest)">
            <summary>
            Returns the endpoint that will be used for a particular request.
            </summary>
            <param name="request">Request for the desired service operation.</param>
            <returns>The resolved endpoint for the given request.</returns>
        </member>
        <member name="T:Amazon.AWSMarketplaceCommerceAnalytics.IAmazonAWSMarketplaceCommerceAnalytics">
             <summary>
             Interface for accessing AWSMarketplaceCommerceAnalytics
            
             Provides AWS Marketplace business intelligence data on-demand.
             </summary>
        </member>
        <member name="M:Amazon.AWSMarketplaceCommerceAnalytics.IAmazonAWSMarketplaceCommerceAnalytics.GenerateDataSetAsync(Amazon.AWSMarketplaceCommerceAnalytics.Model.GenerateDataSetRequest,System.Threading.CancellationToken)">
            <summary>
            Given a data set type and data set publication date, asynchronously publishes the
            requested data set to the specified S3 bucket and notifies the specified SNS topic
            once the data is available. Returns a unique request identifier that can be used to
            correlate requests with notifications from the SNS topic. Data sets will be published
            in comma-separated values (CSV) format with the file name {data_set_type}_YYYY-MM-DD.csv.
            If a file with the same name already exists (e.g. if the same data set is requested
            twice), the original file will be overwritten by the new file. Requires a Role with
            an attached permissions policy providing Allow permissions for the following actions:
            s3:PutObject, s3:GetBucketLocation, sns:GetTopicAttributes, sns:Publish, iam:GetRolePolicy.
            </summary>
            <param name="request">Container for the necessary parameters to execute the GenerateDataSet service method.</param>
            <param name="cancellationToken">
                A cancellation token that can be used by other objects or threads to receive notice of cancellation.
            </param>
            
            <returns>The response from the GenerateDataSet service method, as returned by AWSMarketplaceCommerceAnalytics.</returns>
            <exception cref="T:Amazon.AWSMarketplaceCommerceAnalytics.Model.MarketplaceCommerceAnalyticsException">
            This exception is thrown when an internal service error occurs.
            </exception>
            <seealso href="http://docs.aws.amazon.com/goto/WebAPI/marketplacecommerceanalytics-2015-07-01/GenerateDataSet">REST API Reference for GenerateDataSet Operation</seealso>
        </member>
        <member name="M:Amazon.AWSMarketplaceCommerceAnalytics.IAmazonAWSMarketplaceCommerceAnalytics.StartSupportDataExportAsync(Amazon.AWSMarketplaceCommerceAnalytics.Model.StartSupportDataExportRequest,System.Threading.CancellationToken)">
            <summary>
            <i>This target has been deprecated.</i> Given a data set type and a from date, asynchronously
            publishes the requested customer support data to the specified S3 bucket and notifies
            the specified SNS topic once the data is available. Returns a unique request identifier
            that can be used to correlate requests with notifications from the SNS topic. Data
            sets will be published in comma-separated values (CSV) format with the file name {data_set_type}_YYYY-MM-DD'T'HH-mm-ss'Z'.csv.
            If a file with the same name already exists (e.g. if the same data set is requested
            twice), the original file will be overwritten by the new file. Requires a Role with
            an attached permissions policy providing Allow permissions for the following actions:
            s3:PutObject, s3:GetBucketLocation, sns:GetTopicAttributes, sns:Publish, iam:GetRolePolicy.
            </summary>
            <param name="request">Container for the necessary parameters to execute the StartSupportDataExport service method.</param>
            <param name="cancellationToken">
                A cancellation token that can be used by other objects or threads to receive notice of cancellation.
            </param>
            
            <returns>The response from the StartSupportDataExport service method, as returned by AWSMarketplaceCommerceAnalytics.</returns>
            <exception cref="T:Amazon.AWSMarketplaceCommerceAnalytics.Model.MarketplaceCommerceAnalyticsException">
            This exception is thrown when an internal service error occurs.
            </exception>
            <seealso href="http://docs.aws.amazon.com/goto/WebAPI/marketplacecommerceanalytics-2015-07-01/StartSupportDataExport">REST API Reference for StartSupportDataExport Operation</seealso>
        </member>
        <member name="M:Amazon.AWSMarketplaceCommerceAnalytics.IAmazonAWSMarketplaceCommerceAnalytics.DetermineServiceOperationEndpoint(Amazon.Runtime.AmazonWebServiceRequest)">
            <summary>
            Returns the endpoint that will be used for a particular request.
            </summary>
            <param name="request">Request for the desired service operation.</param>
            <returns>The resolved endpoint for the given request.</returns>
        </member>
    </members>
</doc>
