<?xml version="1.0"?>
<doc>
    <assembly>
        <name>AWSSDK.BedrockRuntime</name>
    </assembly>
    <members>
        <member name="T:Amazon.BedrockRuntime.AmazonBedrockRuntimeConfig">
            <summary>
            Configuration for accessing Amazon BedrockRuntime service
            </summary>
        </member>
        <member name="P:Amazon.BedrockRuntime.AmazonBedrockRuntimeConfig.ServiceId">
            <summary>
             The ServiceId, which is the unique identifier for a service.
            </summary>
        </member>
        <member name="M:Amazon.BedrockRuntime.AmazonBedrockRuntimeConfig.#ctor">
            <summary>
            Default constructor
            </summary>
        </member>
        <member name="P:Amazon.BedrockRuntime.AmazonBedrockRuntimeConfig.RegionEndpointServiceName">
            <summary>
            The constant used to lookup in the region hash the endpoint.
            </summary>
        </member>
        <member name="P:Amazon.BedrockRuntime.AmazonBedrockRuntimeConfig.ServiceVersion">
            <summary>
            Gets the ServiceVersion property.
            </summary>
        </member>
        <member name="P:Amazon.BedrockRuntime.AmazonBedrockRuntimeConfig.UserAgent">
            <summary>
            Gets the value of UserAgent property.
            </summary>
        </member>
        <member name="T:Amazon.BedrockRuntime.AmazonBedrockRuntimeDefaultConfiguration">
            <summary>
            Configuration for accessing Amazon BedrockRuntime service
            </summary>
        </member>
        <member name="M:Amazon.BedrockRuntime.AmazonBedrockRuntimeDefaultConfiguration.GetAllConfigurations">
            <summary>
            Collection of all <see cref="T:Amazon.Runtime.DefaultConfiguration"/>s supported by
            BedrockRuntime
            </summary>
        </member>
        <member name="P:Amazon.BedrockRuntime.AmazonBedrockRuntimeDefaultConfiguration.Standard">
            <summary>
            <p>The STANDARD mode provides the latest recommended default values that should be safe to run in most scenarios</p><p>Note that the default values vended from this mode might change as best practices may evolve. As a result, it is encouraged to perform tests when upgrading the SDK</p>
            </summary>
        </member>
        <member name="P:Amazon.BedrockRuntime.AmazonBedrockRuntimeDefaultConfiguration.InRegion">
            <summary>
            <p>The IN_REGION mode builds on the standard mode and includes optimization tailored for applications which call AWS services from within the same AWS region</p><p>Note that the default values vended from this mode might change as best practices may evolve. As a result, it is encouraged to perform tests when upgrading the SDK</p>
            </summary>
        </member>
        <member name="P:Amazon.BedrockRuntime.AmazonBedrockRuntimeDefaultConfiguration.CrossRegion">
            <summary>
            <p>The CROSS_REGION mode builds on the standard mode and includes optimization tailored for applications which call AWS services in a different region</p><p>Note that the default values vended from this mode might change as best practices may evolve. As a result, it is encouraged to perform tests when upgrading the SDK</p>
            </summary>
        </member>
        <member name="P:Amazon.BedrockRuntime.AmazonBedrockRuntimeDefaultConfiguration.Mobile">
            <summary>
            <p>The MOBILE mode builds on the standard mode and includes optimization tailored for mobile applications</p><p>Note that the default values vended from this mode might change as best practices may evolve. As a result, it is encouraged to perform tests when upgrading the SDK</p>
            </summary>
        </member>
        <member name="P:Amazon.BedrockRuntime.AmazonBedrockRuntimeDefaultConfiguration.Auto">
            <summary>
            <p>The AUTO mode is an experimental mode that builds on the standard mode. The SDK will attempt to discover the execution environment to determine the appropriate settings automatically.</p><p>Note that the auto detection is heuristics-based and does not guarantee 100% accuracy. STANDARD mode will be used if the execution environment cannot be determined. The auto detection might query <a href="https://docs.aws.amazon.com/AWSEC2/latest/UserGuide/ec2-instance-metadata.html">EC2 Instance Metadata service</a>, which might introduce latency. Therefore we recommend choosing an explicit defaults_mode instead if startup latency is critical to your application</p>
            </summary>
        </member>
        <member name="P:Amazon.BedrockRuntime.AmazonBedrockRuntimeDefaultConfiguration.Legacy">
            <summary>
            <p>The LEGACY mode provides default settings that vary per SDK and were used prior to establishment of defaults_mode</p>
            </summary>
        </member>
        <member name="T:Amazon.BedrockRuntime.Endpoints.BedrockRuntimeEndpointParameters">
            <summary>
            Contains parameters used for resolving BedrockRuntime endpoints
            Parameters can be sourced from client config and service operations
            Used by internal BedrockRuntimeEndpointProvider and BedrockRuntimeEndpointResolver
            Can be used by custom EndpointProvider, see ClientConfig.EndpointProvider
            </summary>
        </member>
        <member name="M:Amazon.BedrockRuntime.Endpoints.BedrockRuntimeEndpointParameters.#ctor">
            <summary>
            BedrockRuntimeEndpointParameters constructor
            </summary>
        </member>
        <member name="P:Amazon.BedrockRuntime.Endpoints.BedrockRuntimeEndpointParameters.Region">
            <summary>
            Region parameter
            </summary>
        </member>
        <member name="P:Amazon.BedrockRuntime.Endpoints.BedrockRuntimeEndpointParameters.UseDualStack">
            <summary>
            UseDualStack parameter
            </summary>
        </member>
        <member name="P:Amazon.BedrockRuntime.Endpoints.BedrockRuntimeEndpointParameters.UseFIPS">
            <summary>
            UseFIPS parameter
            </summary>
        </member>
        <member name="P:Amazon.BedrockRuntime.Endpoints.BedrockRuntimeEndpointParameters.Endpoint">
            <summary>
            Endpoint parameter
            </summary>
        </member>
        <member name="T:Amazon.BedrockRuntime.AmazonBedrockRuntimeException">
            <summary>
             Common exception for the BedrockRuntime service.
             </summary>
        </member>
        <member name="M:Amazon.BedrockRuntime.AmazonBedrockRuntimeException.#ctor(System.String)">
            <summary>
            Construct instance of AmazonBedrockRuntimeException
            </summary>
            <param name="message"></param>
        </member>
        <member name="M:Amazon.BedrockRuntime.AmazonBedrockRuntimeException.#ctor(System.String,System.Exception)">
            <summary>
            Construct instance of AmazonBedrockRuntimeException
            </summary>
            <param name="message"></param>
            <param name="innerException"></param>
        </member>
        <member name="M:Amazon.BedrockRuntime.AmazonBedrockRuntimeException.#ctor(System.Exception)">
            <summary>
            Construct instance of AmazonBedrockRuntimeException
            </summary>
            <param name="innerException"></param>
        </member>
        <member name="M:Amazon.BedrockRuntime.AmazonBedrockRuntimeException.#ctor(System.String,Amazon.Runtime.ErrorType,System.String,System.String,System.Net.HttpStatusCode)">
            <summary>
            Construct instance of AmazonBedrockRuntimeException
            </summary>
            <param name="message"></param>
            <param name="errorType"></param>
            <param name="errorCode"></param>
            <param name="requestId"></param>
            <param name="statusCode"></param>
        </member>
        <member name="M:Amazon.BedrockRuntime.AmazonBedrockRuntimeException.#ctor(System.String,System.Exception,Amazon.Runtime.ErrorType,System.String,System.String,System.Net.HttpStatusCode)">
            <summary>
            Construct instance of AmazonBedrockRuntimeException
            </summary>
            <param name="message"></param>
            <param name="innerException"></param>
            <param name="errorType"></param>
            <param name="errorCode"></param>
            <param name="requestId"></param>
            <param name="statusCode"></param>
        </member>
        <member name="T:Amazon.BedrockRuntime.Internal.AmazonBedrockRuntimeEndpointProvider">
            <summary>
            Amazon BedrockRuntime endpoint provider.
            Resolves endpoint for given set of BedrockRuntimeEndpointParameters.
            Can throw AmazonClientException if endpoint resolution is unsuccessful.
            </summary>
        </member>
        <member name="M:Amazon.BedrockRuntime.Internal.AmazonBedrockRuntimeEndpointProvider.ResolveEndpoint(Amazon.Runtime.Endpoints.EndpointParameters)">
            <summary>
            Resolve endpoint for BedrockRuntimeEndpointParameters
            </summary>
        </member>
        <member name="T:Amazon.BedrockRuntime.Internal.AmazonBedrockRuntimeEndpointResolver">
            <summary>
            Amazon BedrockRuntime endpoint resolver.
            Custom PipelineHandler responsible for resolving endpoint and setting authentication parameters for BedrockRuntime service requests.
            Collects values for BedrockRuntimeEndpointParameters and then tries to resolve endpoint by calling 
            ResolveEndpoint method on GlobalEndpoints.Provider if present, otherwise uses BedrockRuntimeEndpointProvider.
            Responsible for setting authentication and http headers provided by resolved endpoint.
            </summary>
        </member>
        <member name="T:Amazon.BedrockRuntime.Internal.AmazonBedrockRuntimeMetadata">
            <summary>
            Service metadata for  Amazon BedrockRuntime service
            </summary>
        </member>
        <member name="P:Amazon.BedrockRuntime.Internal.AmazonBedrockRuntimeMetadata.ServiceId">
            <summary>
            Gets the value of the Service Id.
            </summary>
        </member>
        <member name="P:Amazon.BedrockRuntime.Internal.AmazonBedrockRuntimeMetadata.OperationNameMapping">
            <summary>
            Gets the dictionary that gives mapping of renamed operations
            </summary>
        </member>
        <member name="T:Amazon.BedrockRuntime.Model.AccessDeniedException">
            <summary>
            The request is denied because of missing access permissions.
            </summary>
        </member>
        <member name="M:Amazon.BedrockRuntime.Model.AccessDeniedException.#ctor(System.String)">
            <summary>
            Constructs a new AccessDeniedException with the specified error
            message.
            </summary>
            <param name="message">
            Describes the error encountered.
            </param>
        </member>
        <member name="M:Amazon.BedrockRuntime.Model.AccessDeniedException.#ctor(System.String,System.Exception)">
            <summary>
            Construct instance of AccessDeniedException
            </summary>
            <param name="message"></param>
            <param name="innerException"></param>
        </member>
        <member name="M:Amazon.BedrockRuntime.Model.AccessDeniedException.#ctor(System.Exception)">
            <summary>
            Construct instance of AccessDeniedException
            </summary>
            <param name="innerException"></param>
        </member>
        <member name="M:Amazon.BedrockRuntime.Model.AccessDeniedException.#ctor(System.String,System.Exception,Amazon.Runtime.ErrorType,System.String,System.String,System.Net.HttpStatusCode)">
            <summary>
            Construct instance of AccessDeniedException
            </summary>
            <param name="message"></param>
            <param name="innerException"></param>
            <param name="errorType"></param>
            <param name="errorCode"></param>
            <param name="requestId"></param>
            <param name="statusCode"></param>
        </member>
        <member name="M:Amazon.BedrockRuntime.Model.AccessDeniedException.#ctor(System.String,Amazon.Runtime.ErrorType,System.String,System.String,System.Net.HttpStatusCode)">
            <summary>
            Construct instance of AccessDeniedException
            </summary>
            <param name="message"></param>
            <param name="errorType"></param>
            <param name="errorCode"></param>
            <param name="requestId"></param>
            <param name="statusCode"></param>
        </member>
        <member name="T:Amazon.BedrockRuntime.Model.InternalServerException">
            <summary>
            An internal server error occurred. Retry your request.
            </summary>
        </member>
        <member name="M:Amazon.BedrockRuntime.Model.InternalServerException.#ctor(System.String)">
            <summary>
            Constructs a new InternalServerException with the specified error
            message.
            </summary>
            <param name="message">
            Describes the error encountered.
            </param>
        </member>
        <member name="M:Amazon.BedrockRuntime.Model.InternalServerException.#ctor(System.String,System.Exception)">
            <summary>
            Construct instance of InternalServerException
            </summary>
            <param name="message"></param>
            <param name="innerException"></param>
        </member>
        <member name="M:Amazon.BedrockRuntime.Model.InternalServerException.#ctor(System.Exception)">
            <summary>
            Construct instance of InternalServerException
            </summary>
            <param name="innerException"></param>
        </member>
        <member name="M:Amazon.BedrockRuntime.Model.InternalServerException.#ctor(System.String,System.Exception,Amazon.Runtime.ErrorType,System.String,System.String,System.Net.HttpStatusCode)">
            <summary>
            Construct instance of InternalServerException
            </summary>
            <param name="message"></param>
            <param name="innerException"></param>
            <param name="errorType"></param>
            <param name="errorCode"></param>
            <param name="requestId"></param>
            <param name="statusCode"></param>
        </member>
        <member name="M:Amazon.BedrockRuntime.Model.InternalServerException.#ctor(System.String,Amazon.Runtime.ErrorType,System.String,System.String,System.Net.HttpStatusCode)">
            <summary>
            Construct instance of InternalServerException
            </summary>
            <param name="message"></param>
            <param name="errorType"></param>
            <param name="errorCode"></param>
            <param name="requestId"></param>
            <param name="statusCode"></param>
        </member>
        <member name="T:Amazon.BedrockRuntime.Model.Internal.MarshallTransformations.AccessDeniedExceptionUnmarshaller">
            <summary>
            Response Unmarshaller for AccessDeniedException Object
            </summary>  
        </member>
        <member name="M:Amazon.BedrockRuntime.Model.Internal.MarshallTransformations.AccessDeniedExceptionUnmarshaller.Unmarshall(Amazon.Runtime.Internal.Transform.JsonUnmarshallerContext)">
            <summary>
            Unmarshaller the response from the service to the response class.
            </summary>  
            <param name="context"></param>
            <returns></returns>
        </member>
        <member name="M:Amazon.BedrockRuntime.Model.Internal.MarshallTransformations.AccessDeniedExceptionUnmarshaller.Unmarshall(Amazon.Runtime.Internal.Transform.JsonUnmarshallerContext,Amazon.Runtime.Internal.ErrorResponse)">
            <summary>
            Unmarshaller the response from the service to the response class.
            </summary>  
            <param name="context"></param>
            <param name="errorResponse"></param>
            <returns></returns>
        </member>
        <member name="P:Amazon.BedrockRuntime.Model.Internal.MarshallTransformations.AccessDeniedExceptionUnmarshaller.Instance">
            <summary>
            Gets the singleton.
            </summary>  
        </member>
        <member name="T:Amazon.BedrockRuntime.Model.Internal.MarshallTransformations.InternalServerExceptionUnmarshaller">
            <summary>
            Response Unmarshaller for InternalServerException Object
            </summary>  
        </member>
        <member name="M:Amazon.BedrockRuntime.Model.Internal.MarshallTransformations.InternalServerExceptionUnmarshaller.Unmarshall(Amazon.Runtime.Internal.Transform.JsonUnmarshallerContext)">
            <summary>
            Unmarshaller the response from the service to the response class.
            </summary>  
            <param name="context"></param>
            <returns></returns>
        </member>
        <member name="M:Amazon.BedrockRuntime.Model.Internal.MarshallTransformations.InternalServerExceptionUnmarshaller.Unmarshall(Amazon.Runtime.Internal.Transform.JsonUnmarshallerContext,Amazon.Runtime.Internal.ErrorResponse)">
            <summary>
            Unmarshaller the response from the service to the response class.
            </summary>  
            <param name="context"></param>
            <param name="errorResponse"></param>
            <returns></returns>
        </member>
        <member name="P:Amazon.BedrockRuntime.Model.Internal.MarshallTransformations.InternalServerExceptionUnmarshaller.Instance">
            <summary>
            Gets the singleton.
            </summary>  
        </member>
        <member name="T:Amazon.BedrockRuntime.Model.Internal.MarshallTransformations.InvokeModelRequestMarshaller">
            <summary>
            InvokeModel Request Marshaller
            </summary>       
        </member>
        <member name="M:Amazon.BedrockRuntime.Model.Internal.MarshallTransformations.InvokeModelRequestMarshaller.Marshall(Amazon.Runtime.AmazonWebServiceRequest)">
            <summary>
            Marshaller the request object to the HTTP request.
            </summary>  
            <param name="input"></param>
            <returns></returns>
        </member>
        <member name="M:Amazon.BedrockRuntime.Model.Internal.MarshallTransformations.InvokeModelRequestMarshaller.Marshall(Amazon.BedrockRuntime.Model.InvokeModelRequest)">
            <summary>
            Marshaller the request object to the HTTP request.
            </summary>  
            <param name="publicRequest"></param>
            <returns></returns>
        </member>
        <member name="P:Amazon.BedrockRuntime.Model.Internal.MarshallTransformations.InvokeModelRequestMarshaller.Instance">
            <summary>
            Gets the singleton.
            </summary>  
        </member>
        <member name="T:Amazon.BedrockRuntime.Model.Internal.MarshallTransformations.InvokeModelResponseUnmarshaller">
            <summary>
            Response Unmarshaller for InvokeModel operation
            </summary>  
        </member>
        <member name="M:Amazon.BedrockRuntime.Model.Internal.MarshallTransformations.InvokeModelResponseUnmarshaller.Unmarshall(Amazon.Runtime.Internal.Transform.JsonUnmarshallerContext)">
            <summary>
            Unmarshaller the response from the service to the response class.
            </summary>  
            <param name="context"></param>
            <returns></returns>
        </member>
        <member name="M:Amazon.BedrockRuntime.Model.Internal.MarshallTransformations.InvokeModelResponseUnmarshaller.UnmarshallException(Amazon.Runtime.Internal.Transform.JsonUnmarshallerContext,System.Exception,System.Net.HttpStatusCode)">
            <summary>
            Unmarshaller error response to exception.
            </summary>  
            <param name="context"></param>
            <param name="innerException"></param>
            <param name="statusCode"></param>
            <returns></returns>
        </member>
        <member name="P:Amazon.BedrockRuntime.Model.Internal.MarshallTransformations.InvokeModelResponseUnmarshaller.Instance">
            <summary>
            Gets the singleton.
            </summary>  
        </member>
        <member name="T:Amazon.BedrockRuntime.Model.Internal.MarshallTransformations.InvokeModelWithResponseStreamRequestMarshaller">
            <summary>
            InvokeModelWithResponseStream Request Marshaller
            </summary>       
        </member>
        <member name="M:Amazon.BedrockRuntime.Model.Internal.MarshallTransformations.InvokeModelWithResponseStreamRequestMarshaller.Marshall(Amazon.Runtime.AmazonWebServiceRequest)">
            <summary>
            Marshaller the request object to the HTTP request.
            </summary>  
            <param name="input"></param>
            <returns></returns>
        </member>
        <member name="M:Amazon.BedrockRuntime.Model.Internal.MarshallTransformations.InvokeModelWithResponseStreamRequestMarshaller.Marshall(Amazon.BedrockRuntime.Model.InvokeModelWithResponseStreamRequest)">
            <summary>
            Marshaller the request object to the HTTP request.
            </summary>  
            <param name="publicRequest"></param>
            <returns></returns>
        </member>
        <member name="P:Amazon.BedrockRuntime.Model.Internal.MarshallTransformations.InvokeModelWithResponseStreamRequestMarshaller.Instance">
            <summary>
            Gets the singleton.
            </summary>  
        </member>
        <member name="T:Amazon.BedrockRuntime.Model.Internal.MarshallTransformations.InvokeModelWithResponseStreamResponseUnmarshaller">
            <summary>
            Response Unmarshaller for InvokeModelWithResponseStream operation
            </summary>  
        </member>
        <member name="M:Amazon.BedrockRuntime.Model.Internal.MarshallTransformations.InvokeModelWithResponseStreamResponseUnmarshaller.Unmarshall(Amazon.Runtime.Internal.Transform.JsonUnmarshallerContext)">
            <summary>
            Unmarshaller the response from the service to the response class.
            </summary>  
            <param name="context"></param>
            <returns></returns>
        </member>
        <member name="M:Amazon.BedrockRuntime.Model.Internal.MarshallTransformations.InvokeModelWithResponseStreamResponseUnmarshaller.UnmarshallException(Amazon.Runtime.Internal.Transform.JsonUnmarshallerContext,System.Exception,System.Net.HttpStatusCode)">
            <summary>
            Unmarshaller error response to exception.
            </summary>  
            <param name="context"></param>
            <param name="innerException"></param>
            <param name="statusCode"></param>
            <returns></returns>
        </member>
        <member name="P:Amazon.BedrockRuntime.Model.Internal.MarshallTransformations.InvokeModelWithResponseStreamResponseUnmarshaller.Instance">
            <summary>
            Gets the singleton.
            </summary>  
        </member>
        <member name="P:Amazon.BedrockRuntime.Model.Internal.MarshallTransformations.InvokeModelWithResponseStreamResponseUnmarshaller.HasStreamingProperty">
            <summary>
            Specifies that the response should be streamed
            </summary>
        </member>
        <member name="T:Amazon.BedrockRuntime.Model.Internal.MarshallTransformations.ModelErrorExceptionUnmarshaller">
            <summary>
            Response Unmarshaller for ModelErrorException Object
            </summary>  
        </member>
        <member name="M:Amazon.BedrockRuntime.Model.Internal.MarshallTransformations.ModelErrorExceptionUnmarshaller.Unmarshall(Amazon.Runtime.Internal.Transform.JsonUnmarshallerContext)">
            <summary>
            Unmarshaller the response from the service to the response class.
            </summary>  
            <param name="context"></param>
            <returns></returns>
        </member>
        <member name="M:Amazon.BedrockRuntime.Model.Internal.MarshallTransformations.ModelErrorExceptionUnmarshaller.Unmarshall(Amazon.Runtime.Internal.Transform.JsonUnmarshallerContext,Amazon.Runtime.Internal.ErrorResponse)">
            <summary>
            Unmarshaller the response from the service to the response class.
            </summary>  
            <param name="context"></param>
            <param name="errorResponse"></param>
            <returns></returns>
        </member>
        <member name="P:Amazon.BedrockRuntime.Model.Internal.MarshallTransformations.ModelErrorExceptionUnmarshaller.Instance">
            <summary>
            Gets the singleton.
            </summary>  
        </member>
        <member name="T:Amazon.BedrockRuntime.Model.Internal.MarshallTransformations.ModelNotReadyExceptionUnmarshaller">
            <summary>
            Response Unmarshaller for ModelNotReadyException Object
            </summary>  
        </member>
        <member name="M:Amazon.BedrockRuntime.Model.Internal.MarshallTransformations.ModelNotReadyExceptionUnmarshaller.Unmarshall(Amazon.Runtime.Internal.Transform.JsonUnmarshallerContext)">
            <summary>
            Unmarshaller the response from the service to the response class.
            </summary>  
            <param name="context"></param>
            <returns></returns>
        </member>
        <member name="M:Amazon.BedrockRuntime.Model.Internal.MarshallTransformations.ModelNotReadyExceptionUnmarshaller.Unmarshall(Amazon.Runtime.Internal.Transform.JsonUnmarshallerContext,Amazon.Runtime.Internal.ErrorResponse)">
            <summary>
            Unmarshaller the response from the service to the response class.
            </summary>  
            <param name="context"></param>
            <param name="errorResponse"></param>
            <returns></returns>
        </member>
        <member name="P:Amazon.BedrockRuntime.Model.Internal.MarshallTransformations.ModelNotReadyExceptionUnmarshaller.Instance">
            <summary>
            Gets the singleton.
            </summary>  
        </member>
        <member name="T:Amazon.BedrockRuntime.Model.Internal.MarshallTransformations.ModelStreamErrorExceptionUnmarshaller">
            <summary>
            Response Unmarshaller for ModelStreamErrorException Object
            </summary>  
        </member>
        <member name="M:Amazon.BedrockRuntime.Model.Internal.MarshallTransformations.ModelStreamErrorExceptionUnmarshaller.Unmarshall(Amazon.Runtime.Internal.Transform.JsonUnmarshallerContext)">
            <summary>
            Unmarshaller the response from the service to the response class.
            </summary>  
            <param name="context"></param>
            <returns></returns>
        </member>
        <member name="M:Amazon.BedrockRuntime.Model.Internal.MarshallTransformations.ModelStreamErrorExceptionUnmarshaller.Unmarshall(Amazon.Runtime.Internal.Transform.JsonUnmarshallerContext,Amazon.Runtime.Internal.ErrorResponse)">
            <summary>
            Unmarshaller the response from the service to the response class.
            </summary>  
            <param name="context"></param>
            <param name="errorResponse"></param>
            <returns></returns>
        </member>
        <member name="P:Amazon.BedrockRuntime.Model.Internal.MarshallTransformations.ModelStreamErrorExceptionUnmarshaller.Instance">
            <summary>
            Gets the singleton.
            </summary>  
        </member>
        <member name="T:Amazon.BedrockRuntime.Model.Internal.MarshallTransformations.ModelTimeoutExceptionUnmarshaller">
            <summary>
            Response Unmarshaller for ModelTimeoutException Object
            </summary>  
        </member>
        <member name="M:Amazon.BedrockRuntime.Model.Internal.MarshallTransformations.ModelTimeoutExceptionUnmarshaller.Unmarshall(Amazon.Runtime.Internal.Transform.JsonUnmarshallerContext)">
            <summary>
            Unmarshaller the response from the service to the response class.
            </summary>  
            <param name="context"></param>
            <returns></returns>
        </member>
        <member name="M:Amazon.BedrockRuntime.Model.Internal.MarshallTransformations.ModelTimeoutExceptionUnmarshaller.Unmarshall(Amazon.Runtime.Internal.Transform.JsonUnmarshallerContext,Amazon.Runtime.Internal.ErrorResponse)">
            <summary>
            Unmarshaller the response from the service to the response class.
            </summary>  
            <param name="context"></param>
            <param name="errorResponse"></param>
            <returns></returns>
        </member>
        <member name="P:Amazon.BedrockRuntime.Model.Internal.MarshallTransformations.ModelTimeoutExceptionUnmarshaller.Instance">
            <summary>
            Gets the singleton.
            </summary>  
        </member>
        <member name="T:Amazon.BedrockRuntime.Model.Internal.MarshallTransformations.PayloadPartUnmarshaller">
            <summary>
            Response Unmarshaller for PayloadPart Object
            </summary>  
        </member>
        <member name="M:Amazon.BedrockRuntime.Model.Internal.MarshallTransformations.PayloadPartUnmarshaller.Amazon#Runtime#Internal#Transform#IUnmarshaller{Amazon#BedrockRuntime#Model#PayloadPart,Amazon#Runtime#Internal#Transform#XmlUnmarshallerContext}#Unmarshall(Amazon.Runtime.Internal.Transform.XmlUnmarshallerContext)">
            <summary>
            Unmarshaller the response from the service to the response class.
            </summary>  
            <param name="context"></param>
            <returns></returns>
        </member>
        <member name="M:Amazon.BedrockRuntime.Model.Internal.MarshallTransformations.PayloadPartUnmarshaller.Unmarshall(Amazon.Runtime.Internal.Transform.JsonUnmarshallerContext)">
            <summary>
            Unmarshaller the response from the service to the response class.
            </summary>  
            <param name="context"></param>
            <returns>The unmarshalled object</returns>
        </member>
        <member name="P:Amazon.BedrockRuntime.Model.Internal.MarshallTransformations.PayloadPartUnmarshaller.Instance">
            <summary>
            Gets the singleton.
            </summary>  
        </member>
        <member name="T:Amazon.BedrockRuntime.Model.Internal.MarshallTransformations.ResourceNotFoundExceptionUnmarshaller">
            <summary>
            Response Unmarshaller for ResourceNotFoundException Object
            </summary>  
        </member>
        <member name="M:Amazon.BedrockRuntime.Model.Internal.MarshallTransformations.ResourceNotFoundExceptionUnmarshaller.Unmarshall(Amazon.Runtime.Internal.Transform.JsonUnmarshallerContext)">
            <summary>
            Unmarshaller the response from the service to the response class.
            </summary>  
            <param name="context"></param>
            <returns></returns>
        </member>
        <member name="M:Amazon.BedrockRuntime.Model.Internal.MarshallTransformations.ResourceNotFoundExceptionUnmarshaller.Unmarshall(Amazon.Runtime.Internal.Transform.JsonUnmarshallerContext,Amazon.Runtime.Internal.ErrorResponse)">
            <summary>
            Unmarshaller the response from the service to the response class.
            </summary>  
            <param name="context"></param>
            <param name="errorResponse"></param>
            <returns></returns>
        </member>
        <member name="P:Amazon.BedrockRuntime.Model.Internal.MarshallTransformations.ResourceNotFoundExceptionUnmarshaller.Instance">
            <summary>
            Gets the singleton.
            </summary>  
        </member>
        <member name="T:Amazon.BedrockRuntime.Model.Internal.MarshallTransformations.ServiceQuotaExceededExceptionUnmarshaller">
            <summary>
            Response Unmarshaller for ServiceQuotaExceededException Object
            </summary>  
        </member>
        <member name="M:Amazon.BedrockRuntime.Model.Internal.MarshallTransformations.ServiceQuotaExceededExceptionUnmarshaller.Unmarshall(Amazon.Runtime.Internal.Transform.JsonUnmarshallerContext)">
            <summary>
            Unmarshaller the response from the service to the response class.
            </summary>  
            <param name="context"></param>
            <returns></returns>
        </member>
        <member name="M:Amazon.BedrockRuntime.Model.Internal.MarshallTransformations.ServiceQuotaExceededExceptionUnmarshaller.Unmarshall(Amazon.Runtime.Internal.Transform.JsonUnmarshallerContext,Amazon.Runtime.Internal.ErrorResponse)">
            <summary>
            Unmarshaller the response from the service to the response class.
            </summary>  
            <param name="context"></param>
            <param name="errorResponse"></param>
            <returns></returns>
        </member>
        <member name="P:Amazon.BedrockRuntime.Model.Internal.MarshallTransformations.ServiceQuotaExceededExceptionUnmarshaller.Instance">
            <summary>
            Gets the singleton.
            </summary>  
        </member>
        <member name="T:Amazon.BedrockRuntime.Model.Internal.MarshallTransformations.ThrottlingExceptionUnmarshaller">
            <summary>
            Response Unmarshaller for ThrottlingException Object
            </summary>  
        </member>
        <member name="M:Amazon.BedrockRuntime.Model.Internal.MarshallTransformations.ThrottlingExceptionUnmarshaller.Unmarshall(Amazon.Runtime.Internal.Transform.JsonUnmarshallerContext)">
            <summary>
            Unmarshaller the response from the service to the response class.
            </summary>  
            <param name="context"></param>
            <returns></returns>
        </member>
        <member name="M:Amazon.BedrockRuntime.Model.Internal.MarshallTransformations.ThrottlingExceptionUnmarshaller.Unmarshall(Amazon.Runtime.Internal.Transform.JsonUnmarshallerContext,Amazon.Runtime.Internal.ErrorResponse)">
            <summary>
            Unmarshaller the response from the service to the response class.
            </summary>  
            <param name="context"></param>
            <param name="errorResponse"></param>
            <returns></returns>
        </member>
        <member name="P:Amazon.BedrockRuntime.Model.Internal.MarshallTransformations.ThrottlingExceptionUnmarshaller.Instance">
            <summary>
            Gets the singleton.
            </summary>  
        </member>
        <member name="T:Amazon.BedrockRuntime.Model.Internal.MarshallTransformations.ValidationExceptionUnmarshaller">
            <summary>
            Response Unmarshaller for ValidationException Object
            </summary>  
        </member>
        <member name="M:Amazon.BedrockRuntime.Model.Internal.MarshallTransformations.ValidationExceptionUnmarshaller.Unmarshall(Amazon.Runtime.Internal.Transform.JsonUnmarshallerContext)">
            <summary>
            Unmarshaller the response from the service to the response class.
            </summary>  
            <param name="context"></param>
            <returns></returns>
        </member>
        <member name="M:Amazon.BedrockRuntime.Model.Internal.MarshallTransformations.ValidationExceptionUnmarshaller.Unmarshall(Amazon.Runtime.Internal.Transform.JsonUnmarshallerContext,Amazon.Runtime.Internal.ErrorResponse)">
            <summary>
            Unmarshaller the response from the service to the response class.
            </summary>  
            <param name="context"></param>
            <param name="errorResponse"></param>
            <returns></returns>
        </member>
        <member name="P:Amazon.BedrockRuntime.Model.Internal.MarshallTransformations.ValidationExceptionUnmarshaller.Instance">
            <summary>
            Gets the singleton.
            </summary>  
        </member>
        <member name="T:Amazon.BedrockRuntime.Model.InvokeModelRequest">
            <summary>
            Container for the parameters to the InvokeModel operation.
            Invokes the specified Bedrock model to run inference using the input provided in the
            request body. You use InvokeModel to run inference for text models, image models,
            and embedding models.
            
             
            <para>
            For more information, see <a href="https://docs.aws.amazon.com/bedrock/latest/userguide/api-methods-run.html">Run
            inference</a> in the Bedrock User Guide.
            </para>
             
            <para>
            For example requests, see Examples (after the Errors section).
            </para>
            </summary>
        </member>
        <member name="P:Amazon.BedrockRuntime.Model.InvokeModelRequest.Accept">
            <summary>
            Gets and sets the property Accept. 
            <para>
            The desired MIME type of the inference body in the response. The default value is
            <code>application/json</code>.
            </para>
            </summary>
        </member>
        <member name="P:Amazon.BedrockRuntime.Model.InvokeModelRequest.Body">
            <summary>
            Gets and sets the property Body. 
            <para>
            Input data in the format specified in the content-type request header. To see the
            format and content of this field for different models, refer to <a href="https://docs.aws.amazon.com/bedrock/latest/userguide/model-parameters.html">Inference
            parameters</a>.
            </para>
            </summary>
        </member>
        <member name="P:Amazon.BedrockRuntime.Model.InvokeModelRequest.ContentType">
            <summary>
            Gets and sets the property ContentType. 
            <para>
            The MIME type of the input data in the request. The default value is <code>application/json</code>.
            </para>
            </summary>
        </member>
        <member name="P:Amazon.BedrockRuntime.Model.InvokeModelRequest.ModelId">
            <summary>
            Gets and sets the property ModelId. 
            <para>
            Identifier of the model. 
            </para>
            </summary>
        </member>
        <member name="T:Amazon.BedrockRuntime.Model.InvokeModelResponse">
            <summary>
            This is the response object from the InvokeModel operation.
            </summary>
        </member>
        <member name="P:Amazon.BedrockRuntime.Model.InvokeModelResponse.Body">
            <summary>
            Gets and sets the property Body. 
            <para>
            Inference response from the model in the format specified in the content-type header
            field. To see the format and content of this field for different models, refer to
            <a href="https://docs.aws.amazon.com/bedrock/latest/userguide/model-parameters.html">Inference
            parameters</a>.
            </para>
            </summary>
        </member>
        <member name="P:Amazon.BedrockRuntime.Model.InvokeModelResponse.ContentType">
            <summary>
            Gets and sets the property ContentType. 
            <para>
            The MIME type of the inference result.
            </para>
            </summary>
        </member>
        <member name="T:Amazon.BedrockRuntime.Model.InvokeModelWithResponseStreamRequest">
            <summary>
            Container for the parameters to the InvokeModelWithResponseStream operation.
            Invoke the specified Bedrock model to run inference using the input provided. Return
            the response in a stream.
            
             
            <para>
            For more information, see <a href="https://docs.aws.amazon.com/bedrock/latest/userguide/api-methods-run.html">Run
            inference</a> in the Bedrock User Guide.
            </para>
             
            <para>
            For an example request and response, see Examples (after the Errors section).
            </para>
            </summary>
        </member>
        <member name="P:Amazon.BedrockRuntime.Model.InvokeModelWithResponseStreamRequest.Accept">
            <summary>
            Gets and sets the property Accept. 
            <para>
            The desired MIME type of the inference body in the response. The default value is
            <code>application/json</code>.
            </para>
            </summary>
        </member>
        <member name="P:Amazon.BedrockRuntime.Model.InvokeModelWithResponseStreamRequest.Body">
            <summary>
            Gets and sets the property Body. 
            <para>
            Inference input in the format specified by the content-type. To see the format and
            content of this field for different models, refer to <a href="https://docs.aws.amazon.com/bedrock/latest/userguide/model-parameters.html">Inference
            parameters</a>.
            </para>
            </summary>
        </member>
        <member name="P:Amazon.BedrockRuntime.Model.InvokeModelWithResponseStreamRequest.ContentType">
            <summary>
            Gets and sets the property ContentType. 
            <para>
            The MIME type of the input data in the request. The default value is <code>application/json</code>.
            </para>
            </summary>
        </member>
        <member name="P:Amazon.BedrockRuntime.Model.InvokeModelWithResponseStreamRequest.ModelId">
            <summary>
            Gets and sets the property ModelId. 
            <para>
            Id of the model to invoke using the streaming request.
            </para>
            </summary>
        </member>
        <member name="T:Amazon.BedrockRuntime.Model.InvokeModelWithResponseStreamResponse">
            <summary>
            This is the response object from the InvokeModelWithResponseStream operation.
            </summary>
        </member>
        <member name="P:Amazon.BedrockRuntime.Model.InvokeModelWithResponseStreamResponse.Body">
            <summary>
            Gets and sets the property Body. 
            <para>
            Inference response from the model in the format specified by Content-Type. To see
            the format and content of this field for different models, refer to <a href="https://docs.aws.amazon.com/bedrock/latest/userguide/model-parameters.html">Inference
            parameters</a>.
            </para>
            </summary>
        </member>
        <member name="P:Amazon.BedrockRuntime.Model.InvokeModelWithResponseStreamResponse.ContentType">
            <summary>
            Gets and sets the property ContentType. 
            <para>
            The MIME type of the inference result.
            </para>
            </summary>
        </member>
        <member name="T:Amazon.BedrockRuntime.Model.ModelErrorException">
            <summary>
            The request failed due to an error while processing the model.
            </summary>
        </member>
        <member name="M:Amazon.BedrockRuntime.Model.ModelErrorException.#ctor(System.String)">
            <summary>
            Constructs a new ModelErrorException with the specified error
            message.
            </summary>
            <param name="message">
            Describes the error encountered.
            </param>
        </member>
        <member name="M:Amazon.BedrockRuntime.Model.ModelErrorException.#ctor(System.String,System.Exception)">
            <summary>
            Construct instance of ModelErrorException
            </summary>
            <param name="message"></param>
            <param name="innerException"></param>
        </member>
        <member name="M:Amazon.BedrockRuntime.Model.ModelErrorException.#ctor(System.Exception)">
            <summary>
            Construct instance of ModelErrorException
            </summary>
            <param name="innerException"></param>
        </member>
        <member name="M:Amazon.BedrockRuntime.Model.ModelErrorException.#ctor(System.String,System.Exception,Amazon.Runtime.ErrorType,System.String,System.String,System.Net.HttpStatusCode)">
            <summary>
            Construct instance of ModelErrorException
            </summary>
            <param name="message"></param>
            <param name="innerException"></param>
            <param name="errorType"></param>
            <param name="errorCode"></param>
            <param name="requestId"></param>
            <param name="statusCode"></param>
        </member>
        <member name="M:Amazon.BedrockRuntime.Model.ModelErrorException.#ctor(System.String,Amazon.Runtime.ErrorType,System.String,System.String,System.Net.HttpStatusCode)">
            <summary>
            Construct instance of ModelErrorException
            </summary>
            <param name="message"></param>
            <param name="errorType"></param>
            <param name="errorCode"></param>
            <param name="requestId"></param>
            <param name="statusCode"></param>
        </member>
        <member name="P:Amazon.BedrockRuntime.Model.ModelErrorException.OriginalStatusCode">
            <summary>
            Gets and sets the property OriginalStatusCode. 
            <para>
            The original status code.
            </para>
            </summary>
        </member>
        <member name="P:Amazon.BedrockRuntime.Model.ModelErrorException.ResourceName">
            <summary>
            Gets and sets the property ResourceName. 
            <para>
            The resource name.
            </para>
            </summary>
        </member>
        <member name="T:Amazon.BedrockRuntime.Model.ModelNotReadyException">
            <summary>
            The model specified in the request is not ready to serve inference requests.
            </summary>
        </member>
        <member name="M:Amazon.BedrockRuntime.Model.ModelNotReadyException.#ctor(System.String)">
            <summary>
            Constructs a new ModelNotReadyException with the specified error
            message.
            </summary>
            <param name="message">
            Describes the error encountered.
            </param>
        </member>
        <member name="M:Amazon.BedrockRuntime.Model.ModelNotReadyException.#ctor(System.String,System.Exception)">
            <summary>
            Construct instance of ModelNotReadyException
            </summary>
            <param name="message"></param>
            <param name="innerException"></param>
        </member>
        <member name="M:Amazon.BedrockRuntime.Model.ModelNotReadyException.#ctor(System.Exception)">
            <summary>
            Construct instance of ModelNotReadyException
            </summary>
            <param name="innerException"></param>
        </member>
        <member name="M:Amazon.BedrockRuntime.Model.ModelNotReadyException.#ctor(System.String,System.Exception,Amazon.Runtime.ErrorType,System.String,System.String,System.Net.HttpStatusCode)">
            <summary>
            Construct instance of ModelNotReadyException
            </summary>
            <param name="message"></param>
            <param name="innerException"></param>
            <param name="errorType"></param>
            <param name="errorCode"></param>
            <param name="requestId"></param>
            <param name="statusCode"></param>
        </member>
        <member name="M:Amazon.BedrockRuntime.Model.ModelNotReadyException.#ctor(System.String,Amazon.Runtime.ErrorType,System.String,System.String,System.Net.HttpStatusCode)">
            <summary>
            Construct instance of ModelNotReadyException
            </summary>
            <param name="message"></param>
            <param name="errorType"></param>
            <param name="errorCode"></param>
            <param name="requestId"></param>
            <param name="statusCode"></param>
        </member>
        <member name="T:Amazon.BedrockRuntime.Model.ModelStreamErrorException">
            <summary>
            An error occurred while streaming the response.
            </summary>
        </member>
        <member name="M:Amazon.BedrockRuntime.Model.ModelStreamErrorException.#ctor(System.String)">
            <summary>
            Constructs a new ModelStreamErrorException with the specified error
            message.
            </summary>
            <param name="message">
            Describes the error encountered.
            </param>
        </member>
        <member name="M:Amazon.BedrockRuntime.Model.ModelStreamErrorException.#ctor(System.String,System.Exception)">
            <summary>
            Construct instance of ModelStreamErrorException
            </summary>
            <param name="message"></param>
            <param name="innerException"></param>
        </member>
        <member name="M:Amazon.BedrockRuntime.Model.ModelStreamErrorException.#ctor(System.Exception)">
            <summary>
            Construct instance of ModelStreamErrorException
            </summary>
            <param name="innerException"></param>
        </member>
        <member name="M:Amazon.BedrockRuntime.Model.ModelStreamErrorException.#ctor(System.String,System.Exception,Amazon.Runtime.ErrorType,System.String,System.String,System.Net.HttpStatusCode)">
            <summary>
            Construct instance of ModelStreamErrorException
            </summary>
            <param name="message"></param>
            <param name="innerException"></param>
            <param name="errorType"></param>
            <param name="errorCode"></param>
            <param name="requestId"></param>
            <param name="statusCode"></param>
        </member>
        <member name="M:Amazon.BedrockRuntime.Model.ModelStreamErrorException.#ctor(System.String,Amazon.Runtime.ErrorType,System.String,System.String,System.Net.HttpStatusCode)">
            <summary>
            Construct instance of ModelStreamErrorException
            </summary>
            <param name="message"></param>
            <param name="errorType"></param>
            <param name="errorCode"></param>
            <param name="requestId"></param>
            <param name="statusCode"></param>
        </member>
        <member name="P:Amazon.BedrockRuntime.Model.ModelStreamErrorException.OriginalMessage">
            <summary>
            Gets and sets the property OriginalMessage. 
            <para>
            The original message.
            </para>
            </summary>
        </member>
        <member name="P:Amazon.BedrockRuntime.Model.ModelStreamErrorException.OriginalStatusCode">
            <summary>
            Gets and sets the property OriginalStatusCode. 
            <para>
            The original status code.
            </para>
            </summary>
        </member>
        <member name="T:Amazon.BedrockRuntime.Model.ModelTimeoutException">
            <summary>
            The request took too long to process. Processing time exceeded the model timeout length.
            </summary>
        </member>
        <member name="M:Amazon.BedrockRuntime.Model.ModelTimeoutException.#ctor(System.String)">
            <summary>
            Constructs a new ModelTimeoutException with the specified error
            message.
            </summary>
            <param name="message">
            Describes the error encountered.
            </param>
        </member>
        <member name="M:Amazon.BedrockRuntime.Model.ModelTimeoutException.#ctor(System.String,System.Exception)">
            <summary>
            Construct instance of ModelTimeoutException
            </summary>
            <param name="message"></param>
            <param name="innerException"></param>
        </member>
        <member name="M:Amazon.BedrockRuntime.Model.ModelTimeoutException.#ctor(System.Exception)">
            <summary>
            Construct instance of ModelTimeoutException
            </summary>
            <param name="innerException"></param>
        </member>
        <member name="M:Amazon.BedrockRuntime.Model.ModelTimeoutException.#ctor(System.String,System.Exception,Amazon.Runtime.ErrorType,System.String,System.String,System.Net.HttpStatusCode)">
            <summary>
            Construct instance of ModelTimeoutException
            </summary>
            <param name="message"></param>
            <param name="innerException"></param>
            <param name="errorType"></param>
            <param name="errorCode"></param>
            <param name="requestId"></param>
            <param name="statusCode"></param>
        </member>
        <member name="M:Amazon.BedrockRuntime.Model.ModelTimeoutException.#ctor(System.String,Amazon.Runtime.ErrorType,System.String,System.String,System.Net.HttpStatusCode)">
            <summary>
            Construct instance of ModelTimeoutException
            </summary>
            <param name="message"></param>
            <param name="errorType"></param>
            <param name="errorCode"></param>
            <param name="requestId"></param>
            <param name="statusCode"></param>
        </member>
        <member name="T:Amazon.BedrockRuntime.Model.PayloadPart">
            <summary>
            Payload content included in the response.
            </summary>
        </member>
        <member name="P:Amazon.BedrockRuntime.Model.PayloadPart.Bytes">
            <summary>
            Gets and sets the property Bytes. 
            <para>
            Base64-encoded bytes of payload data.
            </para>
            </summary>
        </member>
        <member name="T:Amazon.BedrockRuntime.Model.ResourceNotFoundException">
            <summary>
            The specified resource ARN was not found. Check the ARN and try your request again.
            </summary>
        </member>
        <member name="M:Amazon.BedrockRuntime.Model.ResourceNotFoundException.#ctor(System.String)">
            <summary>
            Constructs a new ResourceNotFoundException with the specified error
            message.
            </summary>
            <param name="message">
            Describes the error encountered.
            </param>
        </member>
        <member name="M:Amazon.BedrockRuntime.Model.ResourceNotFoundException.#ctor(System.String,System.Exception)">
            <summary>
            Construct instance of ResourceNotFoundException
            </summary>
            <param name="message"></param>
            <param name="innerException"></param>
        </member>
        <member name="M:Amazon.BedrockRuntime.Model.ResourceNotFoundException.#ctor(System.Exception)">
            <summary>
            Construct instance of ResourceNotFoundException
            </summary>
            <param name="innerException"></param>
        </member>
        <member name="M:Amazon.BedrockRuntime.Model.ResourceNotFoundException.#ctor(System.String,System.Exception,Amazon.Runtime.ErrorType,System.String,System.String,System.Net.HttpStatusCode)">
            <summary>
            Construct instance of ResourceNotFoundException
            </summary>
            <param name="message"></param>
            <param name="innerException"></param>
            <param name="errorType"></param>
            <param name="errorCode"></param>
            <param name="requestId"></param>
            <param name="statusCode"></param>
        </member>
        <member name="M:Amazon.BedrockRuntime.Model.ResourceNotFoundException.#ctor(System.String,Amazon.Runtime.ErrorType,System.String,System.String,System.Net.HttpStatusCode)">
            <summary>
            Construct instance of ResourceNotFoundException
            </summary>
            <param name="message"></param>
            <param name="errorType"></param>
            <param name="errorCode"></param>
            <param name="requestId"></param>
            <param name="statusCode"></param>
        </member>
        <member name="T:Amazon.BedrockRuntime.Model.ResponseStream">
            <summary>
            Definition of content in the response stream.
            </summary>
        </member>
        <!-- Badly formed XML comment ignored for member "P:Amazon.BedrockRuntime.Model.ResponseStream.EventMapping" -->
        <member name="P:Amazon.BedrockRuntime.Model.ResponseStream.ExceptionMapping">
            <summary>
            The mapping of event message to a generator function to construct the matching EventStream Exception
            </summary>
        </member>
        <member name="P:Amazon.BedrockRuntime.Model.ResponseStream.IsProcessing">
            <summary>
            Whether the backround processing loop is running.
            </summary>
        </member>
        <member name="E:Amazon.BedrockRuntime.Model.ResponseStream.ChunkReceived">
            <summary>
            Raised when an Chunk event is received
            </summary>
        </member>
        <member name="T:Amazon.BedrockRuntime.Model.ServiceQuotaExceededException">
            <summary>
            The number of requests exceeds the service quota. Resubmit your request later.
            </summary>
        </member>
        <member name="M:Amazon.BedrockRuntime.Model.ServiceQuotaExceededException.#ctor(System.String)">
            <summary>
            Constructs a new ServiceQuotaExceededException with the specified error
            message.
            </summary>
            <param name="message">
            Describes the error encountered.
            </param>
        </member>
        <member name="M:Amazon.BedrockRuntime.Model.ServiceQuotaExceededException.#ctor(System.String,System.Exception)">
            <summary>
            Construct instance of ServiceQuotaExceededException
            </summary>
            <param name="message"></param>
            <param name="innerException"></param>
        </member>
        <member name="M:Amazon.BedrockRuntime.Model.ServiceQuotaExceededException.#ctor(System.Exception)">
            <summary>
            Construct instance of ServiceQuotaExceededException
            </summary>
            <param name="innerException"></param>
        </member>
        <member name="M:Amazon.BedrockRuntime.Model.ServiceQuotaExceededException.#ctor(System.String,System.Exception,Amazon.Runtime.ErrorType,System.String,System.String,System.Net.HttpStatusCode)">
            <summary>
            Construct instance of ServiceQuotaExceededException
            </summary>
            <param name="message"></param>
            <param name="innerException"></param>
            <param name="errorType"></param>
            <param name="errorCode"></param>
            <param name="requestId"></param>
            <param name="statusCode"></param>
        </member>
        <member name="M:Amazon.BedrockRuntime.Model.ServiceQuotaExceededException.#ctor(System.String,Amazon.Runtime.ErrorType,System.String,System.String,System.Net.HttpStatusCode)">
            <summary>
            Construct instance of ServiceQuotaExceededException
            </summary>
            <param name="message"></param>
            <param name="errorType"></param>
            <param name="errorCode"></param>
            <param name="requestId"></param>
            <param name="statusCode"></param>
        </member>
        <member name="T:Amazon.BedrockRuntime.Model.ThrottlingException">
            <summary>
            The number of requests exceeds the limit. Resubmit your request later.
            </summary>
        </member>
        <member name="M:Amazon.BedrockRuntime.Model.ThrottlingException.#ctor(System.String)">
            <summary>
            Constructs a new ThrottlingException with the specified error
            message.
            </summary>
            <param name="message">
            Describes the error encountered.
            </param>
        </member>
        <member name="M:Amazon.BedrockRuntime.Model.ThrottlingException.#ctor(System.String,System.Exception)">
            <summary>
            Construct instance of ThrottlingException
            </summary>
            <param name="message"></param>
            <param name="innerException"></param>
        </member>
        <member name="M:Amazon.BedrockRuntime.Model.ThrottlingException.#ctor(System.Exception)">
            <summary>
            Construct instance of ThrottlingException
            </summary>
            <param name="innerException"></param>
        </member>
        <member name="M:Amazon.BedrockRuntime.Model.ThrottlingException.#ctor(System.String,System.Exception,Amazon.Runtime.ErrorType,System.String,System.String,System.Net.HttpStatusCode)">
            <summary>
            Construct instance of ThrottlingException
            </summary>
            <param name="message"></param>
            <param name="innerException"></param>
            <param name="errorType"></param>
            <param name="errorCode"></param>
            <param name="requestId"></param>
            <param name="statusCode"></param>
        </member>
        <member name="M:Amazon.BedrockRuntime.Model.ThrottlingException.#ctor(System.String,Amazon.Runtime.ErrorType,System.String,System.String,System.Net.HttpStatusCode)">
            <summary>
            Construct instance of ThrottlingException
            </summary>
            <param name="message"></param>
            <param name="errorType"></param>
            <param name="errorCode"></param>
            <param name="requestId"></param>
            <param name="statusCode"></param>
        </member>
        <member name="T:Amazon.BedrockRuntime.Model.ValidationException">
            <summary>
            Input validation failed. Check your request parameters and retry the request.
            </summary>
        </member>
        <member name="M:Amazon.BedrockRuntime.Model.ValidationException.#ctor(System.String)">
            <summary>
            Constructs a new ValidationException with the specified error
            message.
            </summary>
            <param name="message">
            Describes the error encountered.
            </param>
        </member>
        <member name="M:Amazon.BedrockRuntime.Model.ValidationException.#ctor(System.String,System.Exception)">
            <summary>
            Construct instance of ValidationException
            </summary>
            <param name="message"></param>
            <param name="innerException"></param>
        </member>
        <member name="M:Amazon.BedrockRuntime.Model.ValidationException.#ctor(System.Exception)">
            <summary>
            Construct instance of ValidationException
            </summary>
            <param name="innerException"></param>
        </member>
        <member name="M:Amazon.BedrockRuntime.Model.ValidationException.#ctor(System.String,System.Exception,Amazon.Runtime.ErrorType,System.String,System.String,System.Net.HttpStatusCode)">
            <summary>
            Construct instance of ValidationException
            </summary>
            <param name="message"></param>
            <param name="innerException"></param>
            <param name="errorType"></param>
            <param name="errorCode"></param>
            <param name="requestId"></param>
            <param name="statusCode"></param>
        </member>
        <member name="M:Amazon.BedrockRuntime.Model.ValidationException.#ctor(System.String,Amazon.Runtime.ErrorType,System.String,System.String,System.Net.HttpStatusCode)">
            <summary>
            Construct instance of ValidationException
            </summary>
            <param name="message"></param>
            <param name="errorType"></param>
            <param name="errorCode"></param>
            <param name="requestId"></param>
            <param name="statusCode"></param>
        </member>
        <member name="T:Amazon.BedrockRuntime.AmazonBedrockRuntimeRequest">
            <summary>
            Base class for BedrockRuntime operation requests.
            </summary>
        </member>
        <member name="T:Amazon.BedrockRuntime.BedrockRuntimeEventStreamException">
            <summary>
            Modeled Exception that either comes over the stream from the service model, or wraps other exceptions for the purpose of raising events. If it is
            modelled, it will be a subclass.
            </summary>
        </member>
        <member name="M:Amazon.BedrockRuntime.BedrockRuntimeEventStreamException.#ctor">
            <summary>
            Creates a new BedrockRuntimeEventStreamException
            </summary>
        </member>
        <member name="M:Amazon.BedrockRuntime.BedrockRuntimeEventStreamException.#ctor(System.String)">
            <summary>
            Creates a new BedrockRuntimeEventStreamException
            </summary>
            <param name="message"></param>
        </member>
        <member name="M:Amazon.BedrockRuntime.BedrockRuntimeEventStreamException.#ctor(System.String,System.Exception)">
            <summary>
            Creates a new BedrockRuntimeEventStreamException
            </summary>
            <param name="message"></param>
            <param name="innerException"></param>
        </member>
        <member name="T:Amazon.BedrockRuntime.AmazonBedrockRuntimeClient">
             <summary>
             Implementation for accessing BedrockRuntime
            
             Describes the API operations for running inference using Bedrock models.
             </summary>
        </member>
        <member name="M:Amazon.BedrockRuntime.AmazonBedrockRuntimeClient.#ctor">
             <summary>
             Constructs AmazonBedrockRuntimeClient with the credentials loaded from the application's
             default configuration, and if unsuccessful from the Instance Profile service on an EC2 instance.
             
             Example App.config with credentials set. 
             <code>
             &lt;?xml version="1.0" encoding="utf-8" ?&gt;
             &lt;configuration&gt;
                 &lt;appSettings&gt;
                     &lt;add key="AWSProfileName" value="AWS Default"/&gt;
                 &lt;/appSettings&gt;
             &lt;/configuration&gt;
             </code>
            
             </summary>
        </member>
        <member name="M:Amazon.BedrockRuntime.AmazonBedrockRuntimeClient.#ctor(Amazon.RegionEndpoint)">
             <summary>
             Constructs AmazonBedrockRuntimeClient with the credentials loaded from the application's
             default configuration, and if unsuccessful from the Instance Profile service on an EC2 instance.
             
             Example App.config with credentials set. 
             <code>
             &lt;?xml version="1.0" encoding="utf-8" ?&gt;
             &lt;configuration&gt;
                 &lt;appSettings&gt;
                     &lt;add key="AWSProfileName" value="AWS Default"/&gt;
                 &lt;/appSettings&gt;
             &lt;/configuration&gt;
             </code>
            
             </summary>
             <param name="region">The region to connect.</param>
        </member>
        <member name="M:Amazon.BedrockRuntime.AmazonBedrockRuntimeClient.#ctor(Amazon.BedrockRuntime.AmazonBedrockRuntimeConfig)">
             <summary>
             Constructs AmazonBedrockRuntimeClient with the credentials loaded from the application's
             default configuration, and if unsuccessful from the Instance Profile service on an EC2 instance.
             
             Example App.config with credentials set. 
             <code>
             &lt;?xml version="1.0" encoding="utf-8" ?&gt;
             &lt;configuration&gt;
                 &lt;appSettings&gt;
                     &lt;add key="AWSProfileName" value="AWS Default"/&gt;
                 &lt;/appSettings&gt;
             &lt;/configuration&gt;
             </code>
            
             </summary>
             <param name="config">The AmazonBedrockRuntimeClient Configuration Object</param>
        </member>
        <member name="M:Amazon.BedrockRuntime.AmazonBedrockRuntimeClient.#ctor(Amazon.Runtime.AWSCredentials)">
            <summary>
            Constructs AmazonBedrockRuntimeClient with AWS Credentials
            </summary>
            <param name="credentials">AWS Credentials</param>
        </member>
        <member name="M:Amazon.BedrockRuntime.AmazonBedrockRuntimeClient.#ctor(Amazon.Runtime.AWSCredentials,Amazon.RegionEndpoint)">
            <summary>
            Constructs AmazonBedrockRuntimeClient with AWS Credentials
            </summary>
            <param name="credentials">AWS Credentials</param>
            <param name="region">The region to connect.</param>
        </member>
        <member name="M:Amazon.BedrockRuntime.AmazonBedrockRuntimeClient.#ctor(Amazon.Runtime.AWSCredentials,Amazon.BedrockRuntime.AmazonBedrockRuntimeConfig)">
            <summary>
            Constructs AmazonBedrockRuntimeClient with AWS Credentials and an
            AmazonBedrockRuntimeClient Configuration object.
            </summary>
            <param name="credentials">AWS Credentials</param>
            <param name="clientConfig">The AmazonBedrockRuntimeClient Configuration Object</param>
        </member>
        <member name="M:Amazon.BedrockRuntime.AmazonBedrockRuntimeClient.#ctor(System.String,System.String)">
            <summary>
            Constructs AmazonBedrockRuntimeClient with AWS Access Key ID and AWS Secret Key
            </summary>
            <param name="awsAccessKeyId">AWS Access Key ID</param>
            <param name="awsSecretAccessKey">AWS Secret Access Key</param>
        </member>
        <member name="M:Amazon.BedrockRuntime.AmazonBedrockRuntimeClient.#ctor(System.String,System.String,Amazon.RegionEndpoint)">
            <summary>
            Constructs AmazonBedrockRuntimeClient with AWS Access Key ID and AWS Secret Key
            </summary>
            <param name="awsAccessKeyId">AWS Access Key ID</param>
            <param name="awsSecretAccessKey">AWS Secret Access Key</param>
            <param name="region">The region to connect.</param>
        </member>
        <member name="M:Amazon.BedrockRuntime.AmazonBedrockRuntimeClient.#ctor(System.String,System.String,Amazon.BedrockRuntime.AmazonBedrockRuntimeConfig)">
            <summary>
            Constructs AmazonBedrockRuntimeClient with AWS Access Key ID, AWS Secret Key and an
            AmazonBedrockRuntimeClient Configuration object. 
            </summary>
            <param name="awsAccessKeyId">AWS Access Key ID</param>
            <param name="awsSecretAccessKey">AWS Secret Access Key</param>
            <param name="clientConfig">The AmazonBedrockRuntimeClient Configuration Object</param>
        </member>
        <member name="M:Amazon.BedrockRuntime.AmazonBedrockRuntimeClient.#ctor(System.String,System.String,System.String)">
            <summary>
            Constructs AmazonBedrockRuntimeClient with AWS Access Key ID and AWS Secret Key
            </summary>
            <param name="awsAccessKeyId">AWS Access Key ID</param>
            <param name="awsSecretAccessKey">AWS Secret Access Key</param>
            <param name="awsSessionToken">AWS Session Token</param>
        </member>
        <member name="M:Amazon.BedrockRuntime.AmazonBedrockRuntimeClient.#ctor(System.String,System.String,System.String,Amazon.RegionEndpoint)">
            <summary>
            Constructs AmazonBedrockRuntimeClient with AWS Access Key ID and AWS Secret Key
            </summary>
            <param name="awsAccessKeyId">AWS Access Key ID</param>
            <param name="awsSecretAccessKey">AWS Secret Access Key</param>
            <param name="awsSessionToken">AWS Session Token</param>
            <param name="region">The region to connect.</param>
        </member>
        <member name="M:Amazon.BedrockRuntime.AmazonBedrockRuntimeClient.#ctor(System.String,System.String,System.String,Amazon.BedrockRuntime.AmazonBedrockRuntimeConfig)">
            <summary>
            Constructs AmazonBedrockRuntimeClient with AWS Access Key ID, AWS Secret Key and an
            AmazonBedrockRuntimeClient Configuration object. 
            </summary>
            <param name="awsAccessKeyId">AWS Access Key ID</param>
            <param name="awsSecretAccessKey">AWS Secret Access Key</param>
            <param name="awsSessionToken">AWS Session Token</param>
            <param name="clientConfig">The AmazonBedrockRuntimeClient Configuration Object</param>
        </member>
        <member name="M:Amazon.BedrockRuntime.AmazonBedrockRuntimeClient.CreateSigner">
            <summary>
            Creates the signer for the service.
            </summary>
        </member>
        <member name="M:Amazon.BedrockRuntime.AmazonBedrockRuntimeClient.CustomizeRuntimePipeline(Amazon.Runtime.Internal.RuntimePipeline)">
            <summary>
            Customizes the runtime pipeline.
            </summary>
            <param name="pipeline">Runtime pipeline for the current client.</param>
        </member>
        <member name="P:Amazon.BedrockRuntime.AmazonBedrockRuntimeClient.ServiceMetadata">
            <summary>
            Capture metadata for the service.
            </summary>
        </member>
        <member name="M:Amazon.BedrockRuntime.AmazonBedrockRuntimeClient.Dispose(System.Boolean)">
            <summary>
            Disposes the service client.
            </summary>
        </member>
        <member name="M:Amazon.BedrockRuntime.AmazonBedrockRuntimeClient.InvokeModelAsync(Amazon.BedrockRuntime.Model.InvokeModelRequest,System.Threading.CancellationToken)">
            <summary>
            Invokes the specified Bedrock model to run inference using the input provided in the
            request body. You use InvokeModel to run inference for text models, image models,
            and embedding models.
            
             
            <para>
            For more information, see <a href="https://docs.aws.amazon.com/bedrock/latest/userguide/api-methods-run.html">Run
            inference</a> in the Bedrock User Guide.
            </para>
             
            <para>
            For example requests, see Examples (after the Errors section).
            </para>
            </summary>
            <param name="request">Container for the necessary parameters to execute the InvokeModel service method.</param>
            <param name="cancellationToken">
                A cancellation token that can be used by other objects or threads to receive notice of cancellation.
            </param>
            
            <returns>The response from the InvokeModel service method, as returned by BedrockRuntime.</returns>
            <exception cref="T:Amazon.BedrockRuntime.Model.AccessDeniedException">
            The request is denied because of missing access permissions.
            </exception>
            <exception cref="T:Amazon.BedrockRuntime.Model.InternalServerException">
            An internal server error occurred. Retry your request.
            </exception>
            <exception cref="T:Amazon.BedrockRuntime.Model.ModelErrorException">
            The request failed due to an error while processing the model.
            </exception>
            <exception cref="T:Amazon.BedrockRuntime.Model.ModelNotReadyException">
            The model specified in the request is not ready to serve inference requests.
            </exception>
            <exception cref="T:Amazon.BedrockRuntime.Model.ModelTimeoutException">
            The request took too long to process. Processing time exceeded the model timeout length.
            </exception>
            <exception cref="T:Amazon.BedrockRuntime.Model.ResourceNotFoundException">
            The specified resource ARN was not found. Check the ARN and try your request again.
            </exception>
            <exception cref="T:Amazon.BedrockRuntime.Model.ServiceQuotaExceededException">
            The number of requests exceeds the service quota. Resubmit your request later.
            </exception>
            <exception cref="T:Amazon.BedrockRuntime.Model.ThrottlingException">
            The number of requests exceeds the limit. Resubmit your request later.
            </exception>
            <exception cref="T:Amazon.BedrockRuntime.Model.ValidationException">
            Input validation failed. Check your request parameters and retry the request.
            </exception>
            <seealso href="http://docs.aws.amazon.com/goto/WebAPI/bedrock-runtime-2023-09-30/InvokeModel">REST API Reference for InvokeModel Operation</seealso>
        </member>
        <member name="M:Amazon.BedrockRuntime.AmazonBedrockRuntimeClient.InvokeModelWithResponseStreamAsync(Amazon.BedrockRuntime.Model.InvokeModelWithResponseStreamRequest,System.Threading.CancellationToken)">
            <summary>
            Invoke the specified Bedrock model to run inference using the input provided. Return
            the response in a stream.
            
             
            <para>
            For more information, see <a href="https://docs.aws.amazon.com/bedrock/latest/userguide/api-methods-run.html">Run
            inference</a> in the Bedrock User Guide.
            </para>
             
            <para>
            For an example request and response, see Examples (after the Errors section).
            </para>
            </summary>
            <param name="request">Container for the necessary parameters to execute the InvokeModelWithResponseStream service method.</param>
            <param name="cancellationToken">
                A cancellation token that can be used by other objects or threads to receive notice of cancellation.
            </param>
            
            <returns>The response from the InvokeModelWithResponseStream service method, as returned by BedrockRuntime.</returns>
            <exception cref="T:Amazon.BedrockRuntime.Model.AccessDeniedException">
            The request is denied because of missing access permissions.
            </exception>
            <exception cref="T:Amazon.BedrockRuntime.Model.InternalServerException">
            An internal server error occurred. Retry your request.
            </exception>
            <exception cref="T:Amazon.BedrockRuntime.Model.ModelErrorException">
            The request failed due to an error while processing the model.
            </exception>
            <exception cref="T:Amazon.BedrockRuntime.Model.ModelNotReadyException">
            The model specified in the request is not ready to serve inference requests.
            </exception>
            <exception cref="T:Amazon.BedrockRuntime.Model.ModelStreamErrorException">
            An error occurred while streaming the response.
            </exception>
            <exception cref="T:Amazon.BedrockRuntime.Model.ModelTimeoutException">
            The request took too long to process. Processing time exceeded the model timeout length.
            </exception>
            <exception cref="T:Amazon.BedrockRuntime.Model.ResourceNotFoundException">
            The specified resource ARN was not found. Check the ARN and try your request again.
            </exception>
            <exception cref="T:Amazon.BedrockRuntime.Model.ServiceQuotaExceededException">
            The number of requests exceeds the service quota. Resubmit your request later.
            </exception>
            <exception cref="T:Amazon.BedrockRuntime.Model.ThrottlingException">
            The number of requests exceeds the limit. Resubmit your request later.
            </exception>
            <exception cref="T:Amazon.BedrockRuntime.Model.ValidationException">
            Input validation failed. Check your request parameters and retry the request.
            </exception>
            <seealso href="http://docs.aws.amazon.com/goto/WebAPI/bedrock-runtime-2023-09-30/InvokeModelWithResponseStream">REST API Reference for InvokeModelWithResponseStream Operation</seealso>
        </member>
        <member name="M:Amazon.BedrockRuntime.AmazonBedrockRuntimeClient.DetermineServiceOperationEndpoint(Amazon.Runtime.AmazonWebServiceRequest)">
            <summary>
            Returns the endpoint that will be used for a particular request.
            </summary>
            <param name="request">Request for the desired service operation.</param>
            <returns>The resolved endpoint for the given request.</returns>
        </member>
        <member name="T:Amazon.BedrockRuntime.IAmazonBedrockRuntime">
             <summary>
             Interface for accessing BedrockRuntime
            
             Describes the API operations for running inference using Bedrock models.
             </summary>
        </member>
        <member name="M:Amazon.BedrockRuntime.IAmazonBedrockRuntime.InvokeModelAsync(Amazon.BedrockRuntime.Model.InvokeModelRequest,System.Threading.CancellationToken)">
            <summary>
            Invokes the specified Bedrock model to run inference using the input provided in the
            request body. You use InvokeModel to run inference for text models, image models,
            and embedding models.
            
             
            <para>
            For more information, see <a href="https://docs.aws.amazon.com/bedrock/latest/userguide/api-methods-run.html">Run
            inference</a> in the Bedrock User Guide.
            </para>
             
            <para>
            For example requests, see Examples (after the Errors section).
            </para>
            </summary>
            <param name="request">Container for the necessary parameters to execute the InvokeModel service method.</param>
            <param name="cancellationToken">
                A cancellation token that can be used by other objects or threads to receive notice of cancellation.
            </param>
            
            <returns>The response from the InvokeModel service method, as returned by BedrockRuntime.</returns>
            <exception cref="T:Amazon.BedrockRuntime.Model.AccessDeniedException">
            The request is denied because of missing access permissions.
            </exception>
            <exception cref="T:Amazon.BedrockRuntime.Model.InternalServerException">
            An internal server error occurred. Retry your request.
            </exception>
            <exception cref="T:Amazon.BedrockRuntime.Model.ModelErrorException">
            The request failed due to an error while processing the model.
            </exception>
            <exception cref="T:Amazon.BedrockRuntime.Model.ModelNotReadyException">
            The model specified in the request is not ready to serve inference requests.
            </exception>
            <exception cref="T:Amazon.BedrockRuntime.Model.ModelTimeoutException">
            The request took too long to process. Processing time exceeded the model timeout length.
            </exception>
            <exception cref="T:Amazon.BedrockRuntime.Model.ResourceNotFoundException">
            The specified resource ARN was not found. Check the ARN and try your request again.
            </exception>
            <exception cref="T:Amazon.BedrockRuntime.Model.ServiceQuotaExceededException">
            The number of requests exceeds the service quota. Resubmit your request later.
            </exception>
            <exception cref="T:Amazon.BedrockRuntime.Model.ThrottlingException">
            The number of requests exceeds the limit. Resubmit your request later.
            </exception>
            <exception cref="T:Amazon.BedrockRuntime.Model.ValidationException">
            Input validation failed. Check your request parameters and retry the request.
            </exception>
            <seealso href="http://docs.aws.amazon.com/goto/WebAPI/bedrock-runtime-2023-09-30/InvokeModel">REST API Reference for InvokeModel Operation</seealso>
        </member>
        <member name="M:Amazon.BedrockRuntime.IAmazonBedrockRuntime.InvokeModelWithResponseStreamAsync(Amazon.BedrockRuntime.Model.InvokeModelWithResponseStreamRequest,System.Threading.CancellationToken)">
            <summary>
            Invoke the specified Bedrock model to run inference using the input provided. Return
            the response in a stream.
            
             
            <para>
            For more information, see <a href="https://docs.aws.amazon.com/bedrock/latest/userguide/api-methods-run.html">Run
            inference</a> in the Bedrock User Guide.
            </para>
             
            <para>
            For an example request and response, see Examples (after the Errors section).
            </para>
            </summary>
            <param name="request">Container for the necessary parameters to execute the InvokeModelWithResponseStream service method.</param>
            <param name="cancellationToken">
                A cancellation token that can be used by other objects or threads to receive notice of cancellation.
            </param>
            
            <returns>The response from the InvokeModelWithResponseStream service method, as returned by BedrockRuntime.</returns>
            <exception cref="T:Amazon.BedrockRuntime.Model.AccessDeniedException">
            The request is denied because of missing access permissions.
            </exception>
            <exception cref="T:Amazon.BedrockRuntime.Model.InternalServerException">
            An internal server error occurred. Retry your request.
            </exception>
            <exception cref="T:Amazon.BedrockRuntime.Model.ModelErrorException">
            The request failed due to an error while processing the model.
            </exception>
            <exception cref="T:Amazon.BedrockRuntime.Model.ModelNotReadyException">
            The model specified in the request is not ready to serve inference requests.
            </exception>
            <exception cref="T:Amazon.BedrockRuntime.Model.ModelStreamErrorException">
            An error occurred while streaming the response.
            </exception>
            <exception cref="T:Amazon.BedrockRuntime.Model.ModelTimeoutException">
            The request took too long to process. Processing time exceeded the model timeout length.
            </exception>
            <exception cref="T:Amazon.BedrockRuntime.Model.ResourceNotFoundException">
            The specified resource ARN was not found. Check the ARN and try your request again.
            </exception>
            <exception cref="T:Amazon.BedrockRuntime.Model.ServiceQuotaExceededException">
            The number of requests exceeds the service quota. Resubmit your request later.
            </exception>
            <exception cref="T:Amazon.BedrockRuntime.Model.ThrottlingException">
            The number of requests exceeds the limit. Resubmit your request later.
            </exception>
            <exception cref="T:Amazon.BedrockRuntime.Model.ValidationException">
            Input validation failed. Check your request parameters and retry the request.
            </exception>
            <seealso href="http://docs.aws.amazon.com/goto/WebAPI/bedrock-runtime-2023-09-30/InvokeModelWithResponseStream">REST API Reference for InvokeModelWithResponseStream Operation</seealso>
        </member>
        <member name="M:Amazon.BedrockRuntime.IAmazonBedrockRuntime.DetermineServiceOperationEndpoint(Amazon.Runtime.AmazonWebServiceRequest)">
            <summary>
            Returns the endpoint that will be used for a particular request.
            </summary>
            <param name="request">Request for the desired service operation.</param>
            <returns>The resolved endpoint for the given request.</returns>
        </member>
    </members>
</doc>
