<?xml version="1.0"?>
<doc>
    <assembly>
        <name>AWSSDK.PersonalizeEvents</name>
    </assembly>
    <members>
        <member name="T:Amazon.PersonalizeEvents.AmazonPersonalizeEventsConfig">
            <summary>
            Configuration for accessing Amazon PersonalizeEvents service
            </summary>
        </member>
        <member name="P:Amazon.PersonalizeEvents.AmazonPersonalizeEventsConfig.ServiceId">
            <summary>
             The ServiceId, which is the unique identifier for a service.
            </summary>
        </member>
        <member name="M:Amazon.PersonalizeEvents.AmazonPersonalizeEventsConfig.#ctor">
            <summary>
            Default constructor
            </summary>
        </member>
        <member name="P:Amazon.PersonalizeEvents.AmazonPersonalizeEventsConfig.RegionEndpointServiceName">
            <summary>
            The constant used to lookup in the region hash the endpoint.
            </summary>
        </member>
        <member name="P:Amazon.PersonalizeEvents.AmazonPersonalizeEventsConfig.ServiceVersion">
            <summary>
            Gets the ServiceVersion property.
            </summary>
        </member>
        <member name="P:Amazon.PersonalizeEvents.AmazonPersonalizeEventsConfig.UserAgent">
            <summary>
            Gets the value of UserAgent property.
            </summary>
        </member>
        <member name="T:Amazon.PersonalizeEvents.AmazonPersonalizeEventsDefaultConfiguration">
            <summary>
            Configuration for accessing Amazon PersonalizeEvents service
            </summary>
        </member>
        <member name="M:Amazon.PersonalizeEvents.AmazonPersonalizeEventsDefaultConfiguration.GetAllConfigurations">
            <summary>
            Collection of all <see cref="T:Amazon.Runtime.DefaultConfiguration"/>s supported by
            PersonalizeEvents
            </summary>
        </member>
        <member name="P:Amazon.PersonalizeEvents.AmazonPersonalizeEventsDefaultConfiguration.Standard">
            <summary>
            <p>The STANDARD mode provides the latest recommended default values that should be safe to run in most scenarios</p><p>Note that the default values vended from this mode might change as best practices may evolve. As a result, it is encouraged to perform tests when upgrading the SDK</p>
            </summary>
        </member>
        <member name="P:Amazon.PersonalizeEvents.AmazonPersonalizeEventsDefaultConfiguration.InRegion">
            <summary>
            <p>The IN_REGION mode builds on the standard mode and includes optimization tailored for applications which call AWS services from within the same AWS region</p><p>Note that the default values vended from this mode might change as best practices may evolve. As a result, it is encouraged to perform tests when upgrading the SDK</p>
            </summary>
        </member>
        <member name="P:Amazon.PersonalizeEvents.AmazonPersonalizeEventsDefaultConfiguration.CrossRegion">
            <summary>
            <p>The CROSS_REGION mode builds on the standard mode and includes optimization tailored for applications which call AWS services in a different region</p><p>Note that the default values vended from this mode might change as best practices may evolve. As a result, it is encouraged to perform tests when upgrading the SDK</p>
            </summary>
        </member>
        <member name="P:Amazon.PersonalizeEvents.AmazonPersonalizeEventsDefaultConfiguration.Mobile">
            <summary>
            <p>The MOBILE mode builds on the standard mode and includes optimization tailored for mobile applications</p><p>Note that the default values vended from this mode might change as best practices may evolve. As a result, it is encouraged to perform tests when upgrading the SDK</p>
            </summary>
        </member>
        <member name="P:Amazon.PersonalizeEvents.AmazonPersonalizeEventsDefaultConfiguration.Auto">
            <summary>
            <p>The AUTO mode is an experimental mode that builds on the standard mode. The SDK will attempt to discover the execution environment to determine the appropriate settings automatically.</p><p>Note that the auto detection is heuristics-based and does not guarantee 100% accuracy. STANDARD mode will be used if the execution environment cannot be determined. The auto detection might query <a href="https://docs.aws.amazon.com/AWSEC2/latest/UserGuide/ec2-instance-metadata.html">EC2 Instance Metadata service</a>, which might introduce latency. Therefore we recommend choosing an explicit defaults_mode instead if startup latency is critical to your application</p>
            </summary>
        </member>
        <member name="P:Amazon.PersonalizeEvents.AmazonPersonalizeEventsDefaultConfiguration.Legacy">
            <summary>
            <p>The LEGACY mode provides default settings that vary per SDK and were used prior to establishment of defaults_mode</p>
            </summary>
        </member>
        <member name="T:Amazon.PersonalizeEvents.Endpoints.PersonalizeEventsEndpointParameters">
            <summary>
            Contains parameters used for resolving PersonalizeEvents endpoints
            Parameters can be sourced from client config and service operations
            Used by internal PersonalizeEventsEndpointProvider and PersonalizeEventsEndpointResolver
            Can be used by custom EndpointProvider, see ClientConfig.EndpointProvider
            </summary>
        </member>
        <member name="M:Amazon.PersonalizeEvents.Endpoints.PersonalizeEventsEndpointParameters.#ctor">
            <summary>
            PersonalizeEventsEndpointParameters constructor
            </summary>
        </member>
        <member name="P:Amazon.PersonalizeEvents.Endpoints.PersonalizeEventsEndpointParameters.Region">
            <summary>
            Region parameter
            </summary>
        </member>
        <member name="P:Amazon.PersonalizeEvents.Endpoints.PersonalizeEventsEndpointParameters.UseDualStack">
            <summary>
            UseDualStack parameter
            </summary>
        </member>
        <member name="P:Amazon.PersonalizeEvents.Endpoints.PersonalizeEventsEndpointParameters.UseFIPS">
            <summary>
            UseFIPS parameter
            </summary>
        </member>
        <member name="P:Amazon.PersonalizeEvents.Endpoints.PersonalizeEventsEndpointParameters.Endpoint">
            <summary>
            Endpoint parameter
            </summary>
        </member>
        <member name="T:Amazon.PersonalizeEvents.AmazonPersonalizeEventsException">
            <summary>
             Common exception for the PersonalizeEvents service.
             </summary>
        </member>
        <member name="M:Amazon.PersonalizeEvents.AmazonPersonalizeEventsException.#ctor(System.String)">
            <summary>
            Construct instance of AmazonPersonalizeEventsException
            </summary>
            <param name="message"></param>
        </member>
        <member name="M:Amazon.PersonalizeEvents.AmazonPersonalizeEventsException.#ctor(System.String,System.Exception)">
            <summary>
            Construct instance of AmazonPersonalizeEventsException
            </summary>
            <param name="message"></param>
            <param name="innerException"></param>
        </member>
        <member name="M:Amazon.PersonalizeEvents.AmazonPersonalizeEventsException.#ctor(System.Exception)">
            <summary>
            Construct instance of AmazonPersonalizeEventsException
            </summary>
            <param name="innerException"></param>
        </member>
        <member name="M:Amazon.PersonalizeEvents.AmazonPersonalizeEventsException.#ctor(System.String,Amazon.Runtime.ErrorType,System.String,System.String,System.Net.HttpStatusCode)">
            <summary>
            Construct instance of AmazonPersonalizeEventsException
            </summary>
            <param name="message"></param>
            <param name="errorType"></param>
            <param name="errorCode"></param>
            <param name="requestId"></param>
            <param name="statusCode"></param>
        </member>
        <member name="M:Amazon.PersonalizeEvents.AmazonPersonalizeEventsException.#ctor(System.String,System.Exception,Amazon.Runtime.ErrorType,System.String,System.String,System.Net.HttpStatusCode)">
            <summary>
            Construct instance of AmazonPersonalizeEventsException
            </summary>
            <param name="message"></param>
            <param name="innerException"></param>
            <param name="errorType"></param>
            <param name="errorCode"></param>
            <param name="requestId"></param>
            <param name="statusCode"></param>
        </member>
        <member name="T:Amazon.PersonalizeEvents.Internal.AmazonPersonalizeEventsEndpointProvider">
            <summary>
            Amazon PersonalizeEvents endpoint provider.
            Resolves endpoint for given set of PersonalizeEventsEndpointParameters.
            Can throw AmazonClientException if endpoint resolution is unsuccessful.
            </summary>
        </member>
        <member name="M:Amazon.PersonalizeEvents.Internal.AmazonPersonalizeEventsEndpointProvider.ResolveEndpoint(Amazon.Runtime.Endpoints.EndpointParameters)">
            <summary>
            Resolve endpoint for PersonalizeEventsEndpointParameters
            </summary>
        </member>
        <member name="T:Amazon.PersonalizeEvents.Internal.AmazonPersonalizeEventsEndpointResolver">
            <summary>
            Amazon PersonalizeEvents endpoint resolver.
            Custom PipelineHandler responsible for resolving endpoint and setting authentication parameters for PersonalizeEvents service requests.
            Collects values for PersonalizeEventsEndpointParameters and then tries to resolve endpoint by calling 
            ResolveEndpoint method on GlobalEndpoints.Provider if present, otherwise uses PersonalizeEventsEndpointProvider.
            Responsible for setting authentication and http headers provided by resolved endpoint.
            </summary>
        </member>
        <member name="T:Amazon.PersonalizeEvents.Internal.AmazonPersonalizeEventsMetadata">
            <summary>
            Service metadata for  Amazon PersonalizeEvents service
            </summary>
        </member>
        <member name="P:Amazon.PersonalizeEvents.Internal.AmazonPersonalizeEventsMetadata.ServiceId">
            <summary>
            Gets the value of the Service Id.
            </summary>
        </member>
        <member name="P:Amazon.PersonalizeEvents.Internal.AmazonPersonalizeEventsMetadata.OperationNameMapping">
            <summary>
            Gets the dictionary that gives mapping of renamed operations
            </summary>
        </member>
        <member name="T:Amazon.PersonalizeEvents.Model.Action">
            <summary>
            Represents action metadata added to an Action dataset using the <code>PutActions</code>
            API. For more information see <a href="https://docs.aws.amazon.com/personalize/latest/dg/importing-actions.html">Importing
            actions individually</a>.
            </summary>
        </member>
        <member name="P:Amazon.PersonalizeEvents.Model.Action.ActionId">
            <summary>
            Gets and sets the property ActionId. 
            <para>
            The ID associated with the action.
            </para>
            </summary>
        </member>
        <member name="P:Amazon.PersonalizeEvents.Model.Action.Properties">
            <summary>
            Gets and sets the property Properties. 
            <para>
            A string map of action-specific metadata. Each element in the map consists of a key-value
            pair. For example, <code>{"value": "100"}</code>.
            </para>
             
            <para>
            The keys use camel case names that match the fields in the schema for the Actions
            dataset. In the previous example, the <code>value</code> matches the 'VALUE' field
            defined in the Actions schema. For categorical string data, to include multiple categories
            for a single action, separate each category with a pipe separator (<code>|</code>).
            For example, <code>\"Deluxe|Premium\"</code>.
            </para>
            </summary>
        </member>
        <member name="T:Amazon.PersonalizeEvents.Model.ActionInteraction">
            <summary>
            Represents an action interaction event sent using the <code>PutActionInteractions</code>
            API.
            </summary>
        </member>
        <member name="P:Amazon.PersonalizeEvents.Model.ActionInteraction.ActionId">
            <summary>
            Gets and sets the property ActionId. 
            <para>
            The ID of the action the user interacted with. This corresponds to the <code>ACTION_ID</code>
            field of the Action interaction schema.
            </para>
            </summary>
        </member>
        <member name="P:Amazon.PersonalizeEvents.Model.ActionInteraction.EventId">
            <summary>
            Gets and sets the property EventId. 
            <para>
            An ID associated with the event. If an event ID is not provided, Amazon Personalize
            generates a unique ID for the event. An event ID is not used as an input to the model.
            Amazon Personalize uses the event ID to distinguish unique events. Any subsequent
            events after the first with the same event ID are not used in model training.
            </para>
            </summary>
        </member>
        <member name="P:Amazon.PersonalizeEvents.Model.ActionInteraction.EventType">
            <summary>
            Gets and sets the property EventType. 
            <para>
            The type of action interaction event. You can specify <code>Viewed</code>, <code>Taken</code>,
            and <code>Not Taken</code> event types. For more information about action interaction
            event type data, see <a href="https://docs.aws.amazon.com/personalize/latest/dg/action-interaction-event-type-data.html">Event
            type data</a>. 
            </para>
            </summary>
        </member>
        <member name="P:Amazon.PersonalizeEvents.Model.ActionInteraction.Impression">
            <summary>
            Gets and sets the property Impression. 
            <para>
            A list of action IDs that represents the sequence of actions you have shown the user.
            For example, <code>["actionId1", "actionId2", "actionId3"]</code>. Amazon Personalize
            doesn't use impressions data from action interaction events. Instead, record multiple
            events for each action and use the <code>Viewed</code> event type. 
            </para>
            </summary>
        </member>
        <member name="P:Amazon.PersonalizeEvents.Model.ActionInteraction.Properties">
            <summary>
            Gets and sets the property Properties. 
            <para>
            A string map of event-specific data that you might choose to record. For example,
            if a user takes an action, other than the action ID, you might also send the number
            of actions taken by the user.
            </para>
             
            <para>
            Each item in the map consists of a key-value pair. For example,
            </para>
             
            <para>
             <code>{"numberOfActions": "12"}</code> 
            </para>
             
            <para>
            The keys use camel case names that match the fields in the Action interactions schema.
            In the above example, the <code>numberOfActions</code> would match the 'NUMBER_OF_ACTIONS'
            field defined in the Action interactions schema.
            </para>
             
            <para>
             The following can't be included as a keyword for properties (case insensitive). 
            </para>
             <ul> <li> 
            <para>
             userId 
            </para>
             </li> <li> 
            <para>
             sessionId 
            </para>
             </li> <li> 
            <para>
            eventType
            </para>
             </li> <li> 
            <para>
            timestamp
            </para>
             </li> <li> 
            <para>
            recommendationId
            </para>
             </li> <li> 
            <para>
            impression
            </para>
             </li> </ul>
            </summary>
        </member>
        <member name="P:Amazon.PersonalizeEvents.Model.ActionInteraction.RecommendationId">
            <summary>
            Gets and sets the property RecommendationId. 
            <para>
            The ID of the list of recommendations that contains the action the user interacted
            with.
            </para>
            </summary>
        </member>
        <member name="P:Amazon.PersonalizeEvents.Model.ActionInteraction.SessionId">
            <summary>
            Gets and sets the property SessionId. 
            <para>
            The ID associated with the user's visit. Your application generates a unique <code>sessionId</code>
            when a user first visits your website or uses your application. 
            </para>
            </summary>
        </member>
        <member name="P:Amazon.PersonalizeEvents.Model.ActionInteraction.Timestamp">
            <summary>
            Gets and sets the property Timestamp. 
            <para>
            The timestamp for when the action interaction event occurred. Timestamps must be in
            Unix epoch time format, in seconds.
            </para>
            </summary>
        </member>
        <member name="P:Amazon.PersonalizeEvents.Model.ActionInteraction.UserId">
            <summary>
            Gets and sets the property UserId. 
            <para>
            The ID of the user who interacted with the action. This corresponds to the <code>USER_ID</code>
            field of the Action interaction schema.
            </para>
            </summary>
        </member>
        <member name="T:Amazon.PersonalizeEvents.Model.Event">
            <summary>
            Represents item interaction event information sent using the <code>PutEvents</code>
            API.
            </summary>
        </member>
        <member name="P:Amazon.PersonalizeEvents.Model.Event.EventId">
            <summary>
            Gets and sets the property EventId. 
            <para>
            An ID associated with the event. If an event ID is not provided, Amazon Personalize
            generates a unique ID for the event. An event ID is not used as an input to the model.
            Amazon Personalize uses the event ID to distinguish unique events. Any subsequent
            events after the first with the same event ID are not used in model training.
            </para>
            </summary>
        </member>
        <member name="P:Amazon.PersonalizeEvents.Model.Event.EventType">
            <summary>
            Gets and sets the property EventType. 
            <para>
            The type of event, such as click or download. This property corresponds to the <code>EVENT_TYPE</code>
            field of your Item interactions dataset's schema and depends on the types of events
            you are tracking.
            </para>
            </summary>
        </member>
        <member name="P:Amazon.PersonalizeEvents.Model.Event.EventValue">
            <summary>
            Gets and sets the property EventValue. 
            <para>
            The event value that corresponds to the <code>EVENT_VALUE</code> field of the Item
            interactions schema.
            </para>
            </summary>
        </member>
        <member name="P:Amazon.PersonalizeEvents.Model.Event.Impression">
            <summary>
            Gets and sets the property Impression. 
            <para>
            A list of item IDs that represents the sequence of items you have shown the user.
            For example, <code>["itemId1", "itemId2", "itemId3"]</code>. Provide a list of items
            to manually record impressions data for an event. For more information on recording
            impressions data, see <a href="https://docs.aws.amazon.com/personalize/latest/dg/recording-events.html#putevents-including-impressions-data">Recording
            impressions data</a>. 
            </para>
            </summary>
        </member>
        <member name="P:Amazon.PersonalizeEvents.Model.Event.ItemId">
            <summary>
            Gets and sets the property ItemId. 
            <para>
            The item ID key that corresponds to the <code>ITEM_ID</code> field of the Item interactions
            dataset's schema.
            </para>
            </summary>
        </member>
        <member name="P:Amazon.PersonalizeEvents.Model.Event.MetricAttribution">
            <summary>
            Gets and sets the property MetricAttribution. 
            <para>
            Contains information about the metric attribution associated with an event. For more
            information about metric attributions, see <a href="https://docs.aws.amazon.com/personalize/latest/dg/measuring-recommendation-impact.html">Measuring
            impact of recommendations</a>.
            </para>
            </summary>
        </member>
        <member name="P:Amazon.PersonalizeEvents.Model.Event.Properties">
            <summary>
            Gets and sets the property Properties. 
            <para>
            A string map of event-specific data that you might choose to record. For example,
            if a user rates a movie on your site, other than movie ID (<code>itemId</code>) and
            rating (<code>eventValue</code>) , you might also send the number of movie ratings
            made by the user.
            </para>
             
            <para>
            Each item in the map consists of a key-value pair. For example,
            </para>
             
            <para>
             <code>{"numberOfRatings": "12"}</code> 
            </para>
             
            <para>
            The keys use camel case names that match the fields in the Item interactions dataset's
            schema. In the above example, the <code>numberOfRatings</code> would match the 'NUMBER_OF_RATINGS'
            field defined in the Item interactions dataset's schema.
            </para>
             
            <para>
             The following can't be included as a keyword for properties (case insensitive). 
            </para>
             <ul> <li> 
            <para>
             userId 
            </para>
             </li> <li> 
            <para>
             sessionId 
            </para>
             </li> <li> 
            <para>
            eventType
            </para>
             </li> <li> 
            <para>
            timestamp
            </para>
             </li> <li> 
            <para>
            recommendationId
            </para>
             </li> <li> 
            <para>
            impression
            </para>
             </li> </ul>
            </summary>
        </member>
        <member name="P:Amazon.PersonalizeEvents.Model.Event.RecommendationId">
            <summary>
            Gets and sets the property RecommendationId. 
            <para>
            The ID of the list of recommendations that contains the item the user interacted with.
            Provide a <code>recommendationId</code> to have Amazon Personalize implicitly record
            the recommendations you show your user as impressions data. Or provide a <code>recommendationId</code>
            if you use a metric attribution to measure the impact of recommendations. 
            </para>
             
            <para>
             For more information on recording impressions data, see <a href="https://docs.aws.amazon.com/personalize/latest/dg/recording-events.html#putevents-including-impressions-data">Recording
            impressions data</a>. For more information on creating a metric attribution see <a
            href="https://docs.aws.amazon.com/personalize/latest/dg/measuring-recommendation-impact.html">Measuring
            impact of recommendations</a>. 
            </para>
            </summary>
        </member>
        <member name="P:Amazon.PersonalizeEvents.Model.Event.SentAt">
            <summary>
            Gets and sets the property SentAt. 
            <para>
            The timestamp (in Unix time) on the client side when the event occurred.
            </para>
            </summary>
        </member>
        <member name="T:Amazon.PersonalizeEvents.Model.Internal.MarshallTransformations.ActionInteractionMarshaller">
            <summary>
            ActionInteraction Marshaller
            </summary>
        </member>
        <member name="M:Amazon.PersonalizeEvents.Model.Internal.MarshallTransformations.ActionInteractionMarshaller.Marshall(Amazon.PersonalizeEvents.Model.ActionInteraction,Amazon.Runtime.Internal.Transform.JsonMarshallerContext)">
            <summary>
            Unmarshaller the response from the service to the response class.
            </summary>  
            <param name="requestObject"></param>
            <param name="context"></param>
            <returns></returns>
        </member>
        <member name="F:Amazon.PersonalizeEvents.Model.Internal.MarshallTransformations.ActionInteractionMarshaller.Instance">
            <summary>
            Singleton Marshaller.
            </summary>
        </member>
        <member name="T:Amazon.PersonalizeEvents.Model.Internal.MarshallTransformations.ActionMarshaller">
            <summary>
            Action Marshaller
            </summary>
        </member>
        <member name="M:Amazon.PersonalizeEvents.Model.Internal.MarshallTransformations.ActionMarshaller.Marshall(Amazon.PersonalizeEvents.Model.Action,Amazon.Runtime.Internal.Transform.JsonMarshallerContext)">
            <summary>
            Unmarshaller the response from the service to the response class.
            </summary>  
            <param name="requestObject"></param>
            <param name="context"></param>
            <returns></returns>
        </member>
        <member name="F:Amazon.PersonalizeEvents.Model.Internal.MarshallTransformations.ActionMarshaller.Instance">
            <summary>
            Singleton Marshaller.
            </summary>
        </member>
        <member name="T:Amazon.PersonalizeEvents.Model.Internal.MarshallTransformations.EventMarshaller">
            <summary>
            Event Marshaller
            </summary>
        </member>
        <member name="M:Amazon.PersonalizeEvents.Model.Internal.MarshallTransformations.EventMarshaller.Marshall(Amazon.PersonalizeEvents.Model.Event,Amazon.Runtime.Internal.Transform.JsonMarshallerContext)">
            <summary>
            Unmarshaller the response from the service to the response class.
            </summary>  
            <param name="requestObject"></param>
            <param name="context"></param>
            <returns></returns>
        </member>
        <member name="F:Amazon.PersonalizeEvents.Model.Internal.MarshallTransformations.EventMarshaller.Instance">
            <summary>
            Singleton Marshaller.
            </summary>
        </member>
        <member name="T:Amazon.PersonalizeEvents.Model.Internal.MarshallTransformations.InvalidInputExceptionUnmarshaller">
            <summary>
            Response Unmarshaller for InvalidInputException Object
            </summary>  
        </member>
        <member name="M:Amazon.PersonalizeEvents.Model.Internal.MarshallTransformations.InvalidInputExceptionUnmarshaller.Unmarshall(Amazon.Runtime.Internal.Transform.JsonUnmarshallerContext)">
            <summary>
            Unmarshaller the response from the service to the response class.
            </summary>  
            <param name="context"></param>
            <returns></returns>
        </member>
        <member name="M:Amazon.PersonalizeEvents.Model.Internal.MarshallTransformations.InvalidInputExceptionUnmarshaller.Unmarshall(Amazon.Runtime.Internal.Transform.JsonUnmarshallerContext,Amazon.Runtime.Internal.ErrorResponse)">
            <summary>
            Unmarshaller the response from the service to the response class.
            </summary>  
            <param name="context"></param>
            <param name="errorResponse"></param>
            <returns></returns>
        </member>
        <member name="P:Amazon.PersonalizeEvents.Model.Internal.MarshallTransformations.InvalidInputExceptionUnmarshaller.Instance">
            <summary>
            Gets the singleton.
            </summary>  
        </member>
        <member name="T:Amazon.PersonalizeEvents.Model.Internal.MarshallTransformations.ItemMarshaller">
            <summary>
            Item Marshaller
            </summary>
        </member>
        <member name="M:Amazon.PersonalizeEvents.Model.Internal.MarshallTransformations.ItemMarshaller.Marshall(Amazon.PersonalizeEvents.Model.Item,Amazon.Runtime.Internal.Transform.JsonMarshallerContext)">
            <summary>
            Unmarshaller the response from the service to the response class.
            </summary>  
            <param name="requestObject"></param>
            <param name="context"></param>
            <returns></returns>
        </member>
        <member name="F:Amazon.PersonalizeEvents.Model.Internal.MarshallTransformations.ItemMarshaller.Instance">
            <summary>
            Singleton Marshaller.
            </summary>
        </member>
        <member name="T:Amazon.PersonalizeEvents.Model.Internal.MarshallTransformations.MetricAttributionMarshaller">
            <summary>
            MetricAttribution Marshaller
            </summary>
        </member>
        <member name="M:Amazon.PersonalizeEvents.Model.Internal.MarshallTransformations.MetricAttributionMarshaller.Marshall(Amazon.PersonalizeEvents.Model.MetricAttribution,Amazon.Runtime.Internal.Transform.JsonMarshallerContext)">
            <summary>
            Unmarshaller the response from the service to the response class.
            </summary>  
            <param name="requestObject"></param>
            <param name="context"></param>
            <returns></returns>
        </member>
        <member name="F:Amazon.PersonalizeEvents.Model.Internal.MarshallTransformations.MetricAttributionMarshaller.Instance">
            <summary>
            Singleton Marshaller.
            </summary>
        </member>
        <member name="T:Amazon.PersonalizeEvents.Model.Internal.MarshallTransformations.PutActionInteractionsRequestMarshaller">
            <summary>
            PutActionInteractions Request Marshaller
            </summary>       
        </member>
        <member name="M:Amazon.PersonalizeEvents.Model.Internal.MarshallTransformations.PutActionInteractionsRequestMarshaller.Marshall(Amazon.Runtime.AmazonWebServiceRequest)">
            <summary>
            Marshaller the request object to the HTTP request.
            </summary>  
            <param name="input"></param>
            <returns></returns>
        </member>
        <member name="M:Amazon.PersonalizeEvents.Model.Internal.MarshallTransformations.PutActionInteractionsRequestMarshaller.Marshall(Amazon.PersonalizeEvents.Model.PutActionInteractionsRequest)">
            <summary>
            Marshaller the request object to the HTTP request.
            </summary>  
            <param name="publicRequest"></param>
            <returns></returns>
        </member>
        <member name="P:Amazon.PersonalizeEvents.Model.Internal.MarshallTransformations.PutActionInteractionsRequestMarshaller.Instance">
            <summary>
            Gets the singleton.
            </summary>  
        </member>
        <member name="T:Amazon.PersonalizeEvents.Model.Internal.MarshallTransformations.PutActionInteractionsResponseUnmarshaller">
            <summary>
            Response Unmarshaller for PutActionInteractions operation
            </summary>  
        </member>
        <member name="M:Amazon.PersonalizeEvents.Model.Internal.MarshallTransformations.PutActionInteractionsResponseUnmarshaller.Unmarshall(Amazon.Runtime.Internal.Transform.JsonUnmarshallerContext)">
            <summary>
            Unmarshaller the response from the service to the response class.
            </summary>  
            <param name="context"></param>
            <returns></returns>
        </member>
        <member name="M:Amazon.PersonalizeEvents.Model.Internal.MarshallTransformations.PutActionInteractionsResponseUnmarshaller.UnmarshallException(Amazon.Runtime.Internal.Transform.JsonUnmarshallerContext,System.Exception,System.Net.HttpStatusCode)">
            <summary>
            Unmarshaller error response to exception.
            </summary>  
            <param name="context"></param>
            <param name="innerException"></param>
            <param name="statusCode"></param>
            <returns></returns>
        </member>
        <member name="P:Amazon.PersonalizeEvents.Model.Internal.MarshallTransformations.PutActionInteractionsResponseUnmarshaller.Instance">
            <summary>
            Gets the singleton.
            </summary>  
        </member>
        <member name="T:Amazon.PersonalizeEvents.Model.Internal.MarshallTransformations.PutActionsRequestMarshaller">
            <summary>
            PutActions Request Marshaller
            </summary>       
        </member>
        <member name="M:Amazon.PersonalizeEvents.Model.Internal.MarshallTransformations.PutActionsRequestMarshaller.Marshall(Amazon.Runtime.AmazonWebServiceRequest)">
            <summary>
            Marshaller the request object to the HTTP request.
            </summary>  
            <param name="input"></param>
            <returns></returns>
        </member>
        <member name="M:Amazon.PersonalizeEvents.Model.Internal.MarshallTransformations.PutActionsRequestMarshaller.Marshall(Amazon.PersonalizeEvents.Model.PutActionsRequest)">
            <summary>
            Marshaller the request object to the HTTP request.
            </summary>  
            <param name="publicRequest"></param>
            <returns></returns>
        </member>
        <member name="P:Amazon.PersonalizeEvents.Model.Internal.MarshallTransformations.PutActionsRequestMarshaller.Instance">
            <summary>
            Gets the singleton.
            </summary>  
        </member>
        <member name="T:Amazon.PersonalizeEvents.Model.Internal.MarshallTransformations.PutActionsResponseUnmarshaller">
            <summary>
            Response Unmarshaller for PutActions operation
            </summary>  
        </member>
        <member name="M:Amazon.PersonalizeEvents.Model.Internal.MarshallTransformations.PutActionsResponseUnmarshaller.Unmarshall(Amazon.Runtime.Internal.Transform.JsonUnmarshallerContext)">
            <summary>
            Unmarshaller the response from the service to the response class.
            </summary>  
            <param name="context"></param>
            <returns></returns>
        </member>
        <member name="M:Amazon.PersonalizeEvents.Model.Internal.MarshallTransformations.PutActionsResponseUnmarshaller.UnmarshallException(Amazon.Runtime.Internal.Transform.JsonUnmarshallerContext,System.Exception,System.Net.HttpStatusCode)">
            <summary>
            Unmarshaller error response to exception.
            </summary>  
            <param name="context"></param>
            <param name="innerException"></param>
            <param name="statusCode"></param>
            <returns></returns>
        </member>
        <member name="P:Amazon.PersonalizeEvents.Model.Internal.MarshallTransformations.PutActionsResponseUnmarshaller.Instance">
            <summary>
            Gets the singleton.
            </summary>  
        </member>
        <member name="T:Amazon.PersonalizeEvents.Model.Internal.MarshallTransformations.PutEventsRequestMarshaller">
            <summary>
            PutEvents Request Marshaller
            </summary>       
        </member>
        <member name="M:Amazon.PersonalizeEvents.Model.Internal.MarshallTransformations.PutEventsRequestMarshaller.Marshall(Amazon.Runtime.AmazonWebServiceRequest)">
            <summary>
            Marshaller the request object to the HTTP request.
            </summary>  
            <param name="input"></param>
            <returns></returns>
        </member>
        <member name="M:Amazon.PersonalizeEvents.Model.Internal.MarshallTransformations.PutEventsRequestMarshaller.Marshall(Amazon.PersonalizeEvents.Model.PutEventsRequest)">
            <summary>
            Marshaller the request object to the HTTP request.
            </summary>  
            <param name="publicRequest"></param>
            <returns></returns>
        </member>
        <member name="P:Amazon.PersonalizeEvents.Model.Internal.MarshallTransformations.PutEventsRequestMarshaller.Instance">
            <summary>
            Gets the singleton.
            </summary>  
        </member>
        <member name="T:Amazon.PersonalizeEvents.Model.Internal.MarshallTransformations.PutEventsResponseUnmarshaller">
            <summary>
            Response Unmarshaller for PutEvents operation
            </summary>  
        </member>
        <member name="M:Amazon.PersonalizeEvents.Model.Internal.MarshallTransformations.PutEventsResponseUnmarshaller.Unmarshall(Amazon.Runtime.Internal.Transform.JsonUnmarshallerContext)">
            <summary>
            Unmarshaller the response from the service to the response class.
            </summary>  
            <param name="context"></param>
            <returns></returns>
        </member>
        <member name="M:Amazon.PersonalizeEvents.Model.Internal.MarshallTransformations.PutEventsResponseUnmarshaller.UnmarshallException(Amazon.Runtime.Internal.Transform.JsonUnmarshallerContext,System.Exception,System.Net.HttpStatusCode)">
            <summary>
            Unmarshaller error response to exception.
            </summary>  
            <param name="context"></param>
            <param name="innerException"></param>
            <param name="statusCode"></param>
            <returns></returns>
        </member>
        <member name="P:Amazon.PersonalizeEvents.Model.Internal.MarshallTransformations.PutEventsResponseUnmarshaller.Instance">
            <summary>
            Gets the singleton.
            </summary>  
        </member>
        <member name="T:Amazon.PersonalizeEvents.Model.Internal.MarshallTransformations.PutItemsRequestMarshaller">
            <summary>
            PutItems Request Marshaller
            </summary>       
        </member>
        <member name="M:Amazon.PersonalizeEvents.Model.Internal.MarshallTransformations.PutItemsRequestMarshaller.Marshall(Amazon.Runtime.AmazonWebServiceRequest)">
            <summary>
            Marshaller the request object to the HTTP request.
            </summary>  
            <param name="input"></param>
            <returns></returns>
        </member>
        <member name="M:Amazon.PersonalizeEvents.Model.Internal.MarshallTransformations.PutItemsRequestMarshaller.Marshall(Amazon.PersonalizeEvents.Model.PutItemsRequest)">
            <summary>
            Marshaller the request object to the HTTP request.
            </summary>  
            <param name="publicRequest"></param>
            <returns></returns>
        </member>
        <member name="P:Amazon.PersonalizeEvents.Model.Internal.MarshallTransformations.PutItemsRequestMarshaller.Instance">
            <summary>
            Gets the singleton.
            </summary>  
        </member>
        <member name="T:Amazon.PersonalizeEvents.Model.Internal.MarshallTransformations.PutItemsResponseUnmarshaller">
            <summary>
            Response Unmarshaller for PutItems operation
            </summary>  
        </member>
        <member name="M:Amazon.PersonalizeEvents.Model.Internal.MarshallTransformations.PutItemsResponseUnmarshaller.Unmarshall(Amazon.Runtime.Internal.Transform.JsonUnmarshallerContext)">
            <summary>
            Unmarshaller the response from the service to the response class.
            </summary>  
            <param name="context"></param>
            <returns></returns>
        </member>
        <member name="M:Amazon.PersonalizeEvents.Model.Internal.MarshallTransformations.PutItemsResponseUnmarshaller.UnmarshallException(Amazon.Runtime.Internal.Transform.JsonUnmarshallerContext,System.Exception,System.Net.HttpStatusCode)">
            <summary>
            Unmarshaller error response to exception.
            </summary>  
            <param name="context"></param>
            <param name="innerException"></param>
            <param name="statusCode"></param>
            <returns></returns>
        </member>
        <member name="P:Amazon.PersonalizeEvents.Model.Internal.MarshallTransformations.PutItemsResponseUnmarshaller.Instance">
            <summary>
            Gets the singleton.
            </summary>  
        </member>
        <member name="T:Amazon.PersonalizeEvents.Model.Internal.MarshallTransformations.PutUsersRequestMarshaller">
            <summary>
            PutUsers Request Marshaller
            </summary>       
        </member>
        <member name="M:Amazon.PersonalizeEvents.Model.Internal.MarshallTransformations.PutUsersRequestMarshaller.Marshall(Amazon.Runtime.AmazonWebServiceRequest)">
            <summary>
            Marshaller the request object to the HTTP request.
            </summary>  
            <param name="input"></param>
            <returns></returns>
        </member>
        <member name="M:Amazon.PersonalizeEvents.Model.Internal.MarshallTransformations.PutUsersRequestMarshaller.Marshall(Amazon.PersonalizeEvents.Model.PutUsersRequest)">
            <summary>
            Marshaller the request object to the HTTP request.
            </summary>  
            <param name="publicRequest"></param>
            <returns></returns>
        </member>
        <member name="P:Amazon.PersonalizeEvents.Model.Internal.MarshallTransformations.PutUsersRequestMarshaller.Instance">
            <summary>
            Gets the singleton.
            </summary>  
        </member>
        <member name="T:Amazon.PersonalizeEvents.Model.Internal.MarshallTransformations.PutUsersResponseUnmarshaller">
            <summary>
            Response Unmarshaller for PutUsers operation
            </summary>  
        </member>
        <member name="M:Amazon.PersonalizeEvents.Model.Internal.MarshallTransformations.PutUsersResponseUnmarshaller.Unmarshall(Amazon.Runtime.Internal.Transform.JsonUnmarshallerContext)">
            <summary>
            Unmarshaller the response from the service to the response class.
            </summary>  
            <param name="context"></param>
            <returns></returns>
        </member>
        <member name="M:Amazon.PersonalizeEvents.Model.Internal.MarshallTransformations.PutUsersResponseUnmarshaller.UnmarshallException(Amazon.Runtime.Internal.Transform.JsonUnmarshallerContext,System.Exception,System.Net.HttpStatusCode)">
            <summary>
            Unmarshaller error response to exception.
            </summary>  
            <param name="context"></param>
            <param name="innerException"></param>
            <param name="statusCode"></param>
            <returns></returns>
        </member>
        <member name="P:Amazon.PersonalizeEvents.Model.Internal.MarshallTransformations.PutUsersResponseUnmarshaller.Instance">
            <summary>
            Gets the singleton.
            </summary>  
        </member>
        <member name="T:Amazon.PersonalizeEvents.Model.Internal.MarshallTransformations.ResourceInUseExceptionUnmarshaller">
            <summary>
            Response Unmarshaller for ResourceInUseException Object
            </summary>  
        </member>
        <member name="M:Amazon.PersonalizeEvents.Model.Internal.MarshallTransformations.ResourceInUseExceptionUnmarshaller.Unmarshall(Amazon.Runtime.Internal.Transform.JsonUnmarshallerContext)">
            <summary>
            Unmarshaller the response from the service to the response class.
            </summary>  
            <param name="context"></param>
            <returns></returns>
        </member>
        <member name="M:Amazon.PersonalizeEvents.Model.Internal.MarshallTransformations.ResourceInUseExceptionUnmarshaller.Unmarshall(Amazon.Runtime.Internal.Transform.JsonUnmarshallerContext,Amazon.Runtime.Internal.ErrorResponse)">
            <summary>
            Unmarshaller the response from the service to the response class.
            </summary>  
            <param name="context"></param>
            <param name="errorResponse"></param>
            <returns></returns>
        </member>
        <member name="P:Amazon.PersonalizeEvents.Model.Internal.MarshallTransformations.ResourceInUseExceptionUnmarshaller.Instance">
            <summary>
            Gets the singleton.
            </summary>  
        </member>
        <member name="T:Amazon.PersonalizeEvents.Model.Internal.MarshallTransformations.ResourceNotFoundExceptionUnmarshaller">
            <summary>
            Response Unmarshaller for ResourceNotFoundException Object
            </summary>  
        </member>
        <member name="M:Amazon.PersonalizeEvents.Model.Internal.MarshallTransformations.ResourceNotFoundExceptionUnmarshaller.Unmarshall(Amazon.Runtime.Internal.Transform.JsonUnmarshallerContext)">
            <summary>
            Unmarshaller the response from the service to the response class.
            </summary>  
            <param name="context"></param>
            <returns></returns>
        </member>
        <member name="M:Amazon.PersonalizeEvents.Model.Internal.MarshallTransformations.ResourceNotFoundExceptionUnmarshaller.Unmarshall(Amazon.Runtime.Internal.Transform.JsonUnmarshallerContext,Amazon.Runtime.Internal.ErrorResponse)">
            <summary>
            Unmarshaller the response from the service to the response class.
            </summary>  
            <param name="context"></param>
            <param name="errorResponse"></param>
            <returns></returns>
        </member>
        <member name="P:Amazon.PersonalizeEvents.Model.Internal.MarshallTransformations.ResourceNotFoundExceptionUnmarshaller.Instance">
            <summary>
            Gets the singleton.
            </summary>  
        </member>
        <member name="T:Amazon.PersonalizeEvents.Model.Internal.MarshallTransformations.UserMarshaller">
            <summary>
            User Marshaller
            </summary>
        </member>
        <member name="M:Amazon.PersonalizeEvents.Model.Internal.MarshallTransformations.UserMarshaller.Marshall(Amazon.PersonalizeEvents.Model.User,Amazon.Runtime.Internal.Transform.JsonMarshallerContext)">
            <summary>
            Unmarshaller the response from the service to the response class.
            </summary>  
            <param name="requestObject"></param>
            <param name="context"></param>
            <returns></returns>
        </member>
        <member name="F:Amazon.PersonalizeEvents.Model.Internal.MarshallTransformations.UserMarshaller.Instance">
            <summary>
            Singleton Marshaller.
            </summary>
        </member>
        <member name="T:Amazon.PersonalizeEvents.Model.InvalidInputException">
            <summary>
            Provide a valid value for the field or parameter.
            </summary>
        </member>
        <member name="M:Amazon.PersonalizeEvents.Model.InvalidInputException.#ctor(System.String)">
            <summary>
            Constructs a new InvalidInputException with the specified error
            message.
            </summary>
            <param name="message">
            Describes the error encountered.
            </param>
        </member>
        <member name="M:Amazon.PersonalizeEvents.Model.InvalidInputException.#ctor(System.String,System.Exception)">
            <summary>
            Construct instance of InvalidInputException
            </summary>
            <param name="message"></param>
            <param name="innerException"></param>
        </member>
        <member name="M:Amazon.PersonalizeEvents.Model.InvalidInputException.#ctor(System.Exception)">
            <summary>
            Construct instance of InvalidInputException
            </summary>
            <param name="innerException"></param>
        </member>
        <member name="M:Amazon.PersonalizeEvents.Model.InvalidInputException.#ctor(System.String,System.Exception,Amazon.Runtime.ErrorType,System.String,System.String,System.Net.HttpStatusCode)">
            <summary>
            Construct instance of InvalidInputException
            </summary>
            <param name="message"></param>
            <param name="innerException"></param>
            <param name="errorType"></param>
            <param name="errorCode"></param>
            <param name="requestId"></param>
            <param name="statusCode"></param>
        </member>
        <member name="M:Amazon.PersonalizeEvents.Model.InvalidInputException.#ctor(System.String,Amazon.Runtime.ErrorType,System.String,System.String,System.Net.HttpStatusCode)">
            <summary>
            Construct instance of InvalidInputException
            </summary>
            <param name="message"></param>
            <param name="errorType"></param>
            <param name="errorCode"></param>
            <param name="requestId"></param>
            <param name="statusCode"></param>
        </member>
        <member name="T:Amazon.PersonalizeEvents.Model.Item">
            <summary>
            Represents item metadata added to an Items dataset using the <code>PutItems</code>
            API. For more information see <a href="https://docs.aws.amazon.com/personalize/latest/dg/importing-items.html">Importing
            items individually</a>.
            </summary>
        </member>
        <member name="P:Amazon.PersonalizeEvents.Model.Item.ItemId">
            <summary>
            Gets and sets the property ItemId. 
            <para>
            The ID associated with the item.
            </para>
            </summary>
        </member>
        <member name="P:Amazon.PersonalizeEvents.Model.Item.Properties">
            <summary>
            Gets and sets the property Properties. 
            <para>
            A string map of item-specific metadata. Each element in the map consists of a key-value
            pair. For example, <code>{"numberOfRatings": "12"}</code>.
            </para>
             
            <para>
            The keys use camel case names that match the fields in the schema for the Items dataset.
            In the previous example, the <code>numberOfRatings</code> matches the 'NUMBER_OF_RATINGS'
            field defined in the Items schema. For categorical string data, to include multiple
            categories for a single item, separate each category with a pipe separator (<code>|</code>).
            For example, <code>\"Horror|Action\"</code>.
            </para>
            </summary>
        </member>
        <member name="T:Amazon.PersonalizeEvents.Model.MetricAttribution">
            <summary>
            Contains information about a metric attribution associated with an event. For more
            information about metric attributions, see <a href="https://docs.aws.amazon.com/personalize/latest/dg/measuring-recommendation-impact.html">Measuring
            impact of recommendations</a>.
            </summary>
        </member>
        <member name="P:Amazon.PersonalizeEvents.Model.MetricAttribution.EventAttributionSource">
            <summary>
            Gets and sets the property EventAttributionSource. 
            <para>
            The source of the event, such as a third party.
            </para>
            </summary>
        </member>
        <member name="T:Amazon.PersonalizeEvents.Model.PutActionInteractionsRequest">
            <summary>
            Container for the parameters to the PutActionInteractions operation.
            Records action interaction event data. An <i>action interaction</i> event is an interaction
            between a user and an <i>action</i>. For example, a user taking an action, such a
            enrolling in a membership program or downloading your app.
            
             
            <para>
             For more information about recording action interactions, see <a href="https://docs.aws.amazon.com/personalize/latest/dg/recording-action-interaction-events.html">Recording
            action interaction events</a>. For more information about actions in an Actions dataset,
            see <a href="https://docs.aws.amazon.com/personalize/latest/dg/actions-datasets.html">Actions
            dataset</a>.
            </para>
            </summary>
        </member>
        <member name="P:Amazon.PersonalizeEvents.Model.PutActionInteractionsRequest.ActionInteractions">
            <summary>
            Gets and sets the property ActionInteractions. 
            <para>
            A list of action interaction events from the session.
            </para>
            </summary>
        </member>
        <member name="P:Amazon.PersonalizeEvents.Model.PutActionInteractionsRequest.TrackingId">
            <summary>
            Gets and sets the property TrackingId. 
            <para>
            The ID of your action interaction event tracker. When you create an Action interactions
            dataset, Amazon Personalize creates an action interaction event tracker for you. For
            more information, see <a href="https://docs.aws.amazon.com/personalize/latest/dg/action-interaction-tracker-id.html">Action
            interaction event tracker ID</a>.
            </para>
            </summary>
        </member>
        <member name="T:Amazon.PersonalizeEvents.Model.PutActionInteractionsResponse">
            <summary>
            This is the response object from the PutActionInteractions operation.
            </summary>
        </member>
        <member name="T:Amazon.PersonalizeEvents.Model.PutActionsRequest">
            <summary>
            Container for the parameters to the PutActions operation.
            Adds one or more actions to an Actions dataset. For more information see <a href="https://docs.aws.amazon.com/personalize/latest/dg/importing-actions.html">Importing
            actions individually</a>.
            </summary>
        </member>
        <member name="P:Amazon.PersonalizeEvents.Model.PutActionsRequest.Actions">
            <summary>
            Gets and sets the property Actions. 
            <para>
            A list of action data.
            </para>
            </summary>
        </member>
        <member name="P:Amazon.PersonalizeEvents.Model.PutActionsRequest.DatasetArn">
            <summary>
            Gets and sets the property DatasetArn. 
            <para>
            The Amazon Resource Name (ARN) of the Actions dataset you are adding the action or
            actions to.
            </para>
            </summary>
        </member>
        <member name="T:Amazon.PersonalizeEvents.Model.PutActionsResponse">
            <summary>
            This is the response object from the PutActions operation.
            </summary>
        </member>
        <member name="T:Amazon.PersonalizeEvents.Model.PutEventsRequest">
            <summary>
            Container for the parameters to the PutEvents operation.
            Records item interaction event data. For more information see <a href="https://docs.aws.amazon.com/personalize/latest/dg/recording-item-interaction-events.html">Recording
            item interaction events</a>.
            </summary>
        </member>
        <member name="P:Amazon.PersonalizeEvents.Model.PutEventsRequest.EventList">
            <summary>
            Gets and sets the property EventList. 
            <para>
            A list of event data from the session.
            </para>
            </summary>
        </member>
        <member name="P:Amazon.PersonalizeEvents.Model.PutEventsRequest.SessionId">
            <summary>
            Gets and sets the property SessionId. 
            <para>
            The session ID associated with the user's visit. Your application generates the sessionId
            when a user first visits your website or uses your application. Amazon Personalize
            uses the sessionId to associate events with the user before they log in. For more
            information, see <a href="https://docs.aws.amazon.com/personalize/latest/dg/recording-item-interaction-events.html">Recording
            item interaction events</a>.
            </para>
            </summary>
        </member>
        <member name="P:Amazon.PersonalizeEvents.Model.PutEventsRequest.TrackingId">
            <summary>
            Gets and sets the property TrackingId. 
            <para>
            The tracking ID for the event. The ID is generated by a call to the <a href="https://docs.aws.amazon.com/personalize/latest/dg/API_CreateEventTracker.html">CreateEventTracker</a>
            API.
            </para>
            </summary>
        </member>
        <member name="P:Amazon.PersonalizeEvents.Model.PutEventsRequest.UserId">
            <summary>
            Gets and sets the property UserId. 
            <para>
            The user associated with the event.
            </para>
            </summary>
        </member>
        <member name="T:Amazon.PersonalizeEvents.Model.PutEventsResponse">
            <summary>
            This is the response object from the PutEvents operation.
            </summary>
        </member>
        <member name="T:Amazon.PersonalizeEvents.Model.PutItemsRequest">
            <summary>
            Container for the parameters to the PutItems operation.
            Adds one or more items to an Items dataset. For more information see <a href="https://docs.aws.amazon.com/personalize/latest/dg/importing-items.html">Importing
            items individually</a>.
            </summary>
        </member>
        <member name="P:Amazon.PersonalizeEvents.Model.PutItemsRequest.DatasetArn">
            <summary>
            Gets and sets the property DatasetArn. 
            <para>
            The Amazon Resource Name (ARN) of the Items dataset you are adding the item or items
            to.
            </para>
            </summary>
        </member>
        <member name="P:Amazon.PersonalizeEvents.Model.PutItemsRequest.Items">
            <summary>
            Gets and sets the property Items. 
            <para>
            A list of item data.
            </para>
            </summary>
        </member>
        <member name="T:Amazon.PersonalizeEvents.Model.PutItemsResponse">
            <summary>
            This is the response object from the PutItems operation.
            </summary>
        </member>
        <member name="T:Amazon.PersonalizeEvents.Model.PutUsersRequest">
            <summary>
            Container for the parameters to the PutUsers operation.
            Adds one or more users to a Users dataset. For more information see <a href="https://docs.aws.amazon.com/personalize/latest/dg/importing-users.html">Importing
            users individually</a>.
            </summary>
        </member>
        <member name="P:Amazon.PersonalizeEvents.Model.PutUsersRequest.DatasetArn">
            <summary>
            Gets and sets the property DatasetArn. 
            <para>
            The Amazon Resource Name (ARN) of the Users dataset you are adding the user or users
            to.
            </para>
            </summary>
        </member>
        <member name="P:Amazon.PersonalizeEvents.Model.PutUsersRequest.Users">
            <summary>
            Gets and sets the property Users. 
            <para>
            A list of user data.
            </para>
            </summary>
        </member>
        <member name="T:Amazon.PersonalizeEvents.Model.PutUsersResponse">
            <summary>
            This is the response object from the PutUsers operation.
            </summary>
        </member>
        <member name="T:Amazon.PersonalizeEvents.Model.ResourceInUseException">
            <summary>
            The specified resource is in use.
            </summary>
        </member>
        <member name="M:Amazon.PersonalizeEvents.Model.ResourceInUseException.#ctor(System.String)">
            <summary>
            Constructs a new ResourceInUseException with the specified error
            message.
            </summary>
            <param name="message">
            Describes the error encountered.
            </param>
        </member>
        <member name="M:Amazon.PersonalizeEvents.Model.ResourceInUseException.#ctor(System.String,System.Exception)">
            <summary>
            Construct instance of ResourceInUseException
            </summary>
            <param name="message"></param>
            <param name="innerException"></param>
        </member>
        <member name="M:Amazon.PersonalizeEvents.Model.ResourceInUseException.#ctor(System.Exception)">
            <summary>
            Construct instance of ResourceInUseException
            </summary>
            <param name="innerException"></param>
        </member>
        <member name="M:Amazon.PersonalizeEvents.Model.ResourceInUseException.#ctor(System.String,System.Exception,Amazon.Runtime.ErrorType,System.String,System.String,System.Net.HttpStatusCode)">
            <summary>
            Construct instance of ResourceInUseException
            </summary>
            <param name="message"></param>
            <param name="innerException"></param>
            <param name="errorType"></param>
            <param name="errorCode"></param>
            <param name="requestId"></param>
            <param name="statusCode"></param>
        </member>
        <member name="M:Amazon.PersonalizeEvents.Model.ResourceInUseException.#ctor(System.String,Amazon.Runtime.ErrorType,System.String,System.String,System.Net.HttpStatusCode)">
            <summary>
            Construct instance of ResourceInUseException
            </summary>
            <param name="message"></param>
            <param name="errorType"></param>
            <param name="errorCode"></param>
            <param name="requestId"></param>
            <param name="statusCode"></param>
        </member>
        <member name="T:Amazon.PersonalizeEvents.Model.ResourceNotFoundException">
            <summary>
            Could not find the specified resource.
            </summary>
        </member>
        <member name="M:Amazon.PersonalizeEvents.Model.ResourceNotFoundException.#ctor(System.String)">
            <summary>
            Constructs a new ResourceNotFoundException with the specified error
            message.
            </summary>
            <param name="message">
            Describes the error encountered.
            </param>
        </member>
        <member name="M:Amazon.PersonalizeEvents.Model.ResourceNotFoundException.#ctor(System.String,System.Exception)">
            <summary>
            Construct instance of ResourceNotFoundException
            </summary>
            <param name="message"></param>
            <param name="innerException"></param>
        </member>
        <member name="M:Amazon.PersonalizeEvents.Model.ResourceNotFoundException.#ctor(System.Exception)">
            <summary>
            Construct instance of ResourceNotFoundException
            </summary>
            <param name="innerException"></param>
        </member>
        <member name="M:Amazon.PersonalizeEvents.Model.ResourceNotFoundException.#ctor(System.String,System.Exception,Amazon.Runtime.ErrorType,System.String,System.String,System.Net.HttpStatusCode)">
            <summary>
            Construct instance of ResourceNotFoundException
            </summary>
            <param name="message"></param>
            <param name="innerException"></param>
            <param name="errorType"></param>
            <param name="errorCode"></param>
            <param name="requestId"></param>
            <param name="statusCode"></param>
        </member>
        <member name="M:Amazon.PersonalizeEvents.Model.ResourceNotFoundException.#ctor(System.String,Amazon.Runtime.ErrorType,System.String,System.String,System.Net.HttpStatusCode)">
            <summary>
            Construct instance of ResourceNotFoundException
            </summary>
            <param name="message"></param>
            <param name="errorType"></param>
            <param name="errorCode"></param>
            <param name="requestId"></param>
            <param name="statusCode"></param>
        </member>
        <member name="T:Amazon.PersonalizeEvents.Model.User">
            <summary>
            Represents user metadata added to a Users dataset using the <code>PutUsers</code>
            API. For more information see <a href="https://docs.aws.amazon.com/personalize/latest/dg/importing-users.html">Importing
            users individually</a>.
            </summary>
        </member>
        <member name="P:Amazon.PersonalizeEvents.Model.User.Properties">
            <summary>
            Gets and sets the property Properties. 
            <para>
            A string map of user-specific metadata. Each element in the map consists of a key-value
            pair. For example, <code>{"numberOfVideosWatched": "45"}</code>.
            </para>
             
            <para>
            The keys use camel case names that match the fields in the schema for the Users dataset.
            In the previous example, the <code>numberOfVideosWatched</code> matches the 'NUMBER_OF_VIDEOS_WATCHED'
            field defined in the Users schema. For categorical string data, to include multiple
            categories for a single user, separate each category with a pipe separator (<code>|</code>).
            For example, <code>\"Member|Frequent shopper\"</code>.
            </para>
            </summary>
        </member>
        <member name="P:Amazon.PersonalizeEvents.Model.User.UserId">
            <summary>
            Gets and sets the property UserId. 
            <para>
            The ID associated with the user.
            </para>
            </summary>
        </member>
        <member name="T:Amazon.PersonalizeEvents.AmazonPersonalizeEventsRequest">
            <summary>
            Base class for PersonalizeEvents operation requests.
            </summary>
        </member>
        <member name="T:Amazon.PersonalizeEvents.AmazonPersonalizeEventsClient">
             <summary>
             Implementation for accessing PersonalizeEvents
            
             Amazon Personalize can consume real-time user event data, such as <i>stream</i> or
             <i>click</i> data, and use it for model training either alone or combined with historical
             data. For more information see <a href="https://docs.aws.amazon.com/personalize/latest/dg/recording-item-interaction-events.html">Recording
             item interaction events</a>.
             </summary>
        </member>
        <member name="M:Amazon.PersonalizeEvents.AmazonPersonalizeEventsClient.#ctor">
             <summary>
             Constructs AmazonPersonalizeEventsClient with the credentials loaded from the application's
             default configuration, and if unsuccessful from the Instance Profile service on an EC2 instance.
             
             Example App.config with credentials set. 
             <code>
             &lt;?xml version="1.0" encoding="utf-8" ?&gt;
             &lt;configuration&gt;
                 &lt;appSettings&gt;
                     &lt;add key="AWSProfileName" value="AWS Default"/&gt;
                 &lt;/appSettings&gt;
             &lt;/configuration&gt;
             </code>
            
             </summary>
        </member>
        <member name="M:Amazon.PersonalizeEvents.AmazonPersonalizeEventsClient.#ctor(Amazon.RegionEndpoint)">
             <summary>
             Constructs AmazonPersonalizeEventsClient with the credentials loaded from the application's
             default configuration, and if unsuccessful from the Instance Profile service on an EC2 instance.
             
             Example App.config with credentials set. 
             <code>
             &lt;?xml version="1.0" encoding="utf-8" ?&gt;
             &lt;configuration&gt;
                 &lt;appSettings&gt;
                     &lt;add key="AWSProfileName" value="AWS Default"/&gt;
                 &lt;/appSettings&gt;
             &lt;/configuration&gt;
             </code>
            
             </summary>
             <param name="region">The region to connect.</param>
        </member>
        <member name="M:Amazon.PersonalizeEvents.AmazonPersonalizeEventsClient.#ctor(Amazon.PersonalizeEvents.AmazonPersonalizeEventsConfig)">
             <summary>
             Constructs AmazonPersonalizeEventsClient with the credentials loaded from the application's
             default configuration, and if unsuccessful from the Instance Profile service on an EC2 instance.
             
             Example App.config with credentials set. 
             <code>
             &lt;?xml version="1.0" encoding="utf-8" ?&gt;
             &lt;configuration&gt;
                 &lt;appSettings&gt;
                     &lt;add key="AWSProfileName" value="AWS Default"/&gt;
                 &lt;/appSettings&gt;
             &lt;/configuration&gt;
             </code>
            
             </summary>
             <param name="config">The AmazonPersonalizeEventsClient Configuration Object</param>
        </member>
        <member name="M:Amazon.PersonalizeEvents.AmazonPersonalizeEventsClient.#ctor(Amazon.Runtime.AWSCredentials)">
            <summary>
            Constructs AmazonPersonalizeEventsClient with AWS Credentials
            </summary>
            <param name="credentials">AWS Credentials</param>
        </member>
        <member name="M:Amazon.PersonalizeEvents.AmazonPersonalizeEventsClient.#ctor(Amazon.Runtime.AWSCredentials,Amazon.RegionEndpoint)">
            <summary>
            Constructs AmazonPersonalizeEventsClient with AWS Credentials
            </summary>
            <param name="credentials">AWS Credentials</param>
            <param name="region">The region to connect.</param>
        </member>
        <member name="M:Amazon.PersonalizeEvents.AmazonPersonalizeEventsClient.#ctor(Amazon.Runtime.AWSCredentials,Amazon.PersonalizeEvents.AmazonPersonalizeEventsConfig)">
            <summary>
            Constructs AmazonPersonalizeEventsClient with AWS Credentials and an
            AmazonPersonalizeEventsClient Configuration object.
            </summary>
            <param name="credentials">AWS Credentials</param>
            <param name="clientConfig">The AmazonPersonalizeEventsClient Configuration Object</param>
        </member>
        <member name="M:Amazon.PersonalizeEvents.AmazonPersonalizeEventsClient.#ctor(System.String,System.String)">
            <summary>
            Constructs AmazonPersonalizeEventsClient with AWS Access Key ID and AWS Secret Key
            </summary>
            <param name="awsAccessKeyId">AWS Access Key ID</param>
            <param name="awsSecretAccessKey">AWS Secret Access Key</param>
        </member>
        <member name="M:Amazon.PersonalizeEvents.AmazonPersonalizeEventsClient.#ctor(System.String,System.String,Amazon.RegionEndpoint)">
            <summary>
            Constructs AmazonPersonalizeEventsClient with AWS Access Key ID and AWS Secret Key
            </summary>
            <param name="awsAccessKeyId">AWS Access Key ID</param>
            <param name="awsSecretAccessKey">AWS Secret Access Key</param>
            <param name="region">The region to connect.</param>
        </member>
        <member name="M:Amazon.PersonalizeEvents.AmazonPersonalizeEventsClient.#ctor(System.String,System.String,Amazon.PersonalizeEvents.AmazonPersonalizeEventsConfig)">
            <summary>
            Constructs AmazonPersonalizeEventsClient with AWS Access Key ID, AWS Secret Key and an
            AmazonPersonalizeEventsClient Configuration object. 
            </summary>
            <param name="awsAccessKeyId">AWS Access Key ID</param>
            <param name="awsSecretAccessKey">AWS Secret Access Key</param>
            <param name="clientConfig">The AmazonPersonalizeEventsClient Configuration Object</param>
        </member>
        <member name="M:Amazon.PersonalizeEvents.AmazonPersonalizeEventsClient.#ctor(System.String,System.String,System.String)">
            <summary>
            Constructs AmazonPersonalizeEventsClient with AWS Access Key ID and AWS Secret Key
            </summary>
            <param name="awsAccessKeyId">AWS Access Key ID</param>
            <param name="awsSecretAccessKey">AWS Secret Access Key</param>
            <param name="awsSessionToken">AWS Session Token</param>
        </member>
        <member name="M:Amazon.PersonalizeEvents.AmazonPersonalizeEventsClient.#ctor(System.String,System.String,System.String,Amazon.RegionEndpoint)">
            <summary>
            Constructs AmazonPersonalizeEventsClient with AWS Access Key ID and AWS Secret Key
            </summary>
            <param name="awsAccessKeyId">AWS Access Key ID</param>
            <param name="awsSecretAccessKey">AWS Secret Access Key</param>
            <param name="awsSessionToken">AWS Session Token</param>
            <param name="region">The region to connect.</param>
        </member>
        <member name="M:Amazon.PersonalizeEvents.AmazonPersonalizeEventsClient.#ctor(System.String,System.String,System.String,Amazon.PersonalizeEvents.AmazonPersonalizeEventsConfig)">
            <summary>
            Constructs AmazonPersonalizeEventsClient with AWS Access Key ID, AWS Secret Key and an
            AmazonPersonalizeEventsClient Configuration object. 
            </summary>
            <param name="awsAccessKeyId">AWS Access Key ID</param>
            <param name="awsSecretAccessKey">AWS Secret Access Key</param>
            <param name="awsSessionToken">AWS Session Token</param>
            <param name="clientConfig">The AmazonPersonalizeEventsClient Configuration Object</param>
        </member>
        <member name="M:Amazon.PersonalizeEvents.AmazonPersonalizeEventsClient.CreateSigner">
            <summary>
            Creates the signer for the service.
            </summary>
        </member>
        <member name="M:Amazon.PersonalizeEvents.AmazonPersonalizeEventsClient.CustomizeRuntimePipeline(Amazon.Runtime.Internal.RuntimePipeline)">
            <summary>
            Customizes the runtime pipeline.
            </summary>
            <param name="pipeline">Runtime pipeline for the current client.</param>
        </member>
        <member name="P:Amazon.PersonalizeEvents.AmazonPersonalizeEventsClient.ServiceMetadata">
            <summary>
            Capture metadata for the service.
            </summary>
        </member>
        <member name="M:Amazon.PersonalizeEvents.AmazonPersonalizeEventsClient.Dispose(System.Boolean)">
            <summary>
            Disposes the service client.
            </summary>
        </member>
        <member name="M:Amazon.PersonalizeEvents.AmazonPersonalizeEventsClient.PutActionInteractionsAsync(Amazon.PersonalizeEvents.Model.PutActionInteractionsRequest,System.Threading.CancellationToken)">
            <summary>
            Records action interaction event data. An <i>action interaction</i> event is an interaction
            between a user and an <i>action</i>. For example, a user taking an action, such a
            enrolling in a membership program or downloading your app.
            
             
            <para>
             For more information about recording action interactions, see <a href="https://docs.aws.amazon.com/personalize/latest/dg/recording-action-interaction-events.html">Recording
            action interaction events</a>. For more information about actions in an Actions dataset,
            see <a href="https://docs.aws.amazon.com/personalize/latest/dg/actions-datasets.html">Actions
            dataset</a>.
            </para>
            </summary>
            <param name="request">Container for the necessary parameters to execute the PutActionInteractions service method.</param>
            <param name="cancellationToken">
                A cancellation token that can be used by other objects or threads to receive notice of cancellation.
            </param>
            
            <returns>The response from the PutActionInteractions service method, as returned by PersonalizeEvents.</returns>
            <exception cref="T:Amazon.PersonalizeEvents.Model.InvalidInputException">
            Provide a valid value for the field or parameter.
            </exception>
            <exception cref="T:Amazon.PersonalizeEvents.Model.ResourceInUseException">
            The specified resource is in use.
            </exception>
            <exception cref="T:Amazon.PersonalizeEvents.Model.ResourceNotFoundException">
            Could not find the specified resource.
            </exception>
            <seealso href="http://docs.aws.amazon.com/goto/WebAPI/personalize-events-2018-03-22/PutActionInteractions">REST API Reference for PutActionInteractions Operation</seealso>
        </member>
        <member name="M:Amazon.PersonalizeEvents.AmazonPersonalizeEventsClient.PutActionsAsync(Amazon.PersonalizeEvents.Model.PutActionsRequest,System.Threading.CancellationToken)">
            <summary>
            Adds one or more actions to an Actions dataset. For more information see <a href="https://docs.aws.amazon.com/personalize/latest/dg/importing-actions.html">Importing
            actions individually</a>.
            </summary>
            <param name="request">Container for the necessary parameters to execute the PutActions service method.</param>
            <param name="cancellationToken">
                A cancellation token that can be used by other objects or threads to receive notice of cancellation.
            </param>
            
            <returns>The response from the PutActions service method, as returned by PersonalizeEvents.</returns>
            <exception cref="T:Amazon.PersonalizeEvents.Model.InvalidInputException">
            Provide a valid value for the field or parameter.
            </exception>
            <exception cref="T:Amazon.PersonalizeEvents.Model.ResourceInUseException">
            The specified resource is in use.
            </exception>
            <exception cref="T:Amazon.PersonalizeEvents.Model.ResourceNotFoundException">
            Could not find the specified resource.
            </exception>
            <seealso href="http://docs.aws.amazon.com/goto/WebAPI/personalize-events-2018-03-22/PutActions">REST API Reference for PutActions Operation</seealso>
        </member>
        <member name="M:Amazon.PersonalizeEvents.AmazonPersonalizeEventsClient.PutEventsAsync(Amazon.PersonalizeEvents.Model.PutEventsRequest,System.Threading.CancellationToken)">
            <summary>
            Records item interaction event data. For more information see <a href="https://docs.aws.amazon.com/personalize/latest/dg/recording-item-interaction-events.html">Recording
            item interaction events</a>.
            </summary>
            <param name="request">Container for the necessary parameters to execute the PutEvents service method.</param>
            <param name="cancellationToken">
                A cancellation token that can be used by other objects or threads to receive notice of cancellation.
            </param>
            
            <returns>The response from the PutEvents service method, as returned by PersonalizeEvents.</returns>
            <exception cref="T:Amazon.PersonalizeEvents.Model.InvalidInputException">
            Provide a valid value for the field or parameter.
            </exception>
            <seealso href="http://docs.aws.amazon.com/goto/WebAPI/personalize-events-2018-03-22/PutEvents">REST API Reference for PutEvents Operation</seealso>
        </member>
        <member name="M:Amazon.PersonalizeEvents.AmazonPersonalizeEventsClient.PutItemsAsync(Amazon.PersonalizeEvents.Model.PutItemsRequest,System.Threading.CancellationToken)">
            <summary>
            Adds one or more items to an Items dataset. For more information see <a href="https://docs.aws.amazon.com/personalize/latest/dg/importing-items.html">Importing
            items individually</a>.
            </summary>
            <param name="request">Container for the necessary parameters to execute the PutItems service method.</param>
            <param name="cancellationToken">
                A cancellation token that can be used by other objects or threads to receive notice of cancellation.
            </param>
            
            <returns>The response from the PutItems service method, as returned by PersonalizeEvents.</returns>
            <exception cref="T:Amazon.PersonalizeEvents.Model.InvalidInputException">
            Provide a valid value for the field or parameter.
            </exception>
            <exception cref="T:Amazon.PersonalizeEvents.Model.ResourceInUseException">
            The specified resource is in use.
            </exception>
            <exception cref="T:Amazon.PersonalizeEvents.Model.ResourceNotFoundException">
            Could not find the specified resource.
            </exception>
            <seealso href="http://docs.aws.amazon.com/goto/WebAPI/personalize-events-2018-03-22/PutItems">REST API Reference for PutItems Operation</seealso>
        </member>
        <member name="M:Amazon.PersonalizeEvents.AmazonPersonalizeEventsClient.PutUsersAsync(Amazon.PersonalizeEvents.Model.PutUsersRequest,System.Threading.CancellationToken)">
            <summary>
            Adds one or more users to a Users dataset. For more information see <a href="https://docs.aws.amazon.com/personalize/latest/dg/importing-users.html">Importing
            users individually</a>.
            </summary>
            <param name="request">Container for the necessary parameters to execute the PutUsers service method.</param>
            <param name="cancellationToken">
                A cancellation token that can be used by other objects or threads to receive notice of cancellation.
            </param>
            
            <returns>The response from the PutUsers service method, as returned by PersonalizeEvents.</returns>
            <exception cref="T:Amazon.PersonalizeEvents.Model.InvalidInputException">
            Provide a valid value for the field or parameter.
            </exception>
            <exception cref="T:Amazon.PersonalizeEvents.Model.ResourceInUseException">
            The specified resource is in use.
            </exception>
            <exception cref="T:Amazon.PersonalizeEvents.Model.ResourceNotFoundException">
            Could not find the specified resource.
            </exception>
            <seealso href="http://docs.aws.amazon.com/goto/WebAPI/personalize-events-2018-03-22/PutUsers">REST API Reference for PutUsers Operation</seealso>
        </member>
        <member name="M:Amazon.PersonalizeEvents.AmazonPersonalizeEventsClient.DetermineServiceOperationEndpoint(Amazon.Runtime.AmazonWebServiceRequest)">
            <summary>
            Returns the endpoint that will be used for a particular request.
            </summary>
            <param name="request">Request for the desired service operation.</param>
            <returns>The resolved endpoint for the given request.</returns>
        </member>
        <member name="T:Amazon.PersonalizeEvents.IAmazonPersonalizeEvents">
             <summary>
             Interface for accessing PersonalizeEvents
            
             Amazon Personalize can consume real-time user event data, such as <i>stream</i> or
             <i>click</i> data, and use it for model training either alone or combined with historical
             data. For more information see <a href="https://docs.aws.amazon.com/personalize/latest/dg/recording-item-interaction-events.html">Recording
             item interaction events</a>.
             </summary>
        </member>
        <member name="M:Amazon.PersonalizeEvents.IAmazonPersonalizeEvents.PutActionInteractionsAsync(Amazon.PersonalizeEvents.Model.PutActionInteractionsRequest,System.Threading.CancellationToken)">
            <summary>
            Records action interaction event data. An <i>action interaction</i> event is an interaction
            between a user and an <i>action</i>. For example, a user taking an action, such a
            enrolling in a membership program or downloading your app.
            
             
            <para>
             For more information about recording action interactions, see <a href="https://docs.aws.amazon.com/personalize/latest/dg/recording-action-interaction-events.html">Recording
            action interaction events</a>. For more information about actions in an Actions dataset,
            see <a href="https://docs.aws.amazon.com/personalize/latest/dg/actions-datasets.html">Actions
            dataset</a>.
            </para>
            </summary>
            <param name="request">Container for the necessary parameters to execute the PutActionInteractions service method.</param>
            <param name="cancellationToken">
                A cancellation token that can be used by other objects or threads to receive notice of cancellation.
            </param>
            
            <returns>The response from the PutActionInteractions service method, as returned by PersonalizeEvents.</returns>
            <exception cref="T:Amazon.PersonalizeEvents.Model.InvalidInputException">
            Provide a valid value for the field or parameter.
            </exception>
            <exception cref="T:Amazon.PersonalizeEvents.Model.ResourceInUseException">
            The specified resource is in use.
            </exception>
            <exception cref="T:Amazon.PersonalizeEvents.Model.ResourceNotFoundException">
            Could not find the specified resource.
            </exception>
            <seealso href="http://docs.aws.amazon.com/goto/WebAPI/personalize-events-2018-03-22/PutActionInteractions">REST API Reference for PutActionInteractions Operation</seealso>
        </member>
        <member name="M:Amazon.PersonalizeEvents.IAmazonPersonalizeEvents.PutActionsAsync(Amazon.PersonalizeEvents.Model.PutActionsRequest,System.Threading.CancellationToken)">
            <summary>
            Adds one or more actions to an Actions dataset. For more information see <a href="https://docs.aws.amazon.com/personalize/latest/dg/importing-actions.html">Importing
            actions individually</a>.
            </summary>
            <param name="request">Container for the necessary parameters to execute the PutActions service method.</param>
            <param name="cancellationToken">
                A cancellation token that can be used by other objects or threads to receive notice of cancellation.
            </param>
            
            <returns>The response from the PutActions service method, as returned by PersonalizeEvents.</returns>
            <exception cref="T:Amazon.PersonalizeEvents.Model.InvalidInputException">
            Provide a valid value for the field or parameter.
            </exception>
            <exception cref="T:Amazon.PersonalizeEvents.Model.ResourceInUseException">
            The specified resource is in use.
            </exception>
            <exception cref="T:Amazon.PersonalizeEvents.Model.ResourceNotFoundException">
            Could not find the specified resource.
            </exception>
            <seealso href="http://docs.aws.amazon.com/goto/WebAPI/personalize-events-2018-03-22/PutActions">REST API Reference for PutActions Operation</seealso>
        </member>
        <member name="M:Amazon.PersonalizeEvents.IAmazonPersonalizeEvents.PutEventsAsync(Amazon.PersonalizeEvents.Model.PutEventsRequest,System.Threading.CancellationToken)">
            <summary>
            Records item interaction event data. For more information see <a href="https://docs.aws.amazon.com/personalize/latest/dg/recording-item-interaction-events.html">Recording
            item interaction events</a>.
            </summary>
            <param name="request">Container for the necessary parameters to execute the PutEvents service method.</param>
            <param name="cancellationToken">
                A cancellation token that can be used by other objects or threads to receive notice of cancellation.
            </param>
            
            <returns>The response from the PutEvents service method, as returned by PersonalizeEvents.</returns>
            <exception cref="T:Amazon.PersonalizeEvents.Model.InvalidInputException">
            Provide a valid value for the field or parameter.
            </exception>
            <seealso href="http://docs.aws.amazon.com/goto/WebAPI/personalize-events-2018-03-22/PutEvents">REST API Reference for PutEvents Operation</seealso>
        </member>
        <member name="M:Amazon.PersonalizeEvents.IAmazonPersonalizeEvents.PutItemsAsync(Amazon.PersonalizeEvents.Model.PutItemsRequest,System.Threading.CancellationToken)">
            <summary>
            Adds one or more items to an Items dataset. For more information see <a href="https://docs.aws.amazon.com/personalize/latest/dg/importing-items.html">Importing
            items individually</a>.
            </summary>
            <param name="request">Container for the necessary parameters to execute the PutItems service method.</param>
            <param name="cancellationToken">
                A cancellation token that can be used by other objects or threads to receive notice of cancellation.
            </param>
            
            <returns>The response from the PutItems service method, as returned by PersonalizeEvents.</returns>
            <exception cref="T:Amazon.PersonalizeEvents.Model.InvalidInputException">
            Provide a valid value for the field or parameter.
            </exception>
            <exception cref="T:Amazon.PersonalizeEvents.Model.ResourceInUseException">
            The specified resource is in use.
            </exception>
            <exception cref="T:Amazon.PersonalizeEvents.Model.ResourceNotFoundException">
            Could not find the specified resource.
            </exception>
            <seealso href="http://docs.aws.amazon.com/goto/WebAPI/personalize-events-2018-03-22/PutItems">REST API Reference for PutItems Operation</seealso>
        </member>
        <member name="M:Amazon.PersonalizeEvents.IAmazonPersonalizeEvents.PutUsersAsync(Amazon.PersonalizeEvents.Model.PutUsersRequest,System.Threading.CancellationToken)">
            <summary>
            Adds one or more users to a Users dataset. For more information see <a href="https://docs.aws.amazon.com/personalize/latest/dg/importing-users.html">Importing
            users individually</a>.
            </summary>
            <param name="request">Container for the necessary parameters to execute the PutUsers service method.</param>
            <param name="cancellationToken">
                A cancellation token that can be used by other objects or threads to receive notice of cancellation.
            </param>
            
            <returns>The response from the PutUsers service method, as returned by PersonalizeEvents.</returns>
            <exception cref="T:Amazon.PersonalizeEvents.Model.InvalidInputException">
            Provide a valid value for the field or parameter.
            </exception>
            <exception cref="T:Amazon.PersonalizeEvents.Model.ResourceInUseException">
            The specified resource is in use.
            </exception>
            <exception cref="T:Amazon.PersonalizeEvents.Model.ResourceNotFoundException">
            Could not find the specified resource.
            </exception>
            <seealso href="http://docs.aws.amazon.com/goto/WebAPI/personalize-events-2018-03-22/PutUsers">REST API Reference for PutUsers Operation</seealso>
        </member>
        <member name="M:Amazon.PersonalizeEvents.IAmazonPersonalizeEvents.DetermineServiceOperationEndpoint(Amazon.Runtime.AmazonWebServiceRequest)">
            <summary>
            Returns the endpoint that will be used for a particular request.
            </summary>
            <param name="request">Request for the desired service operation.</param>
            <returns>The resolved endpoint for the given request.</returns>
        </member>
    </members>
</doc>
